<?xml version="1.0" encoding="UTF-8" standalone="no" ?>
<PhysicalModelingXMLFile>

  <formatVersion>"1.0.4"</formatVersion>

  <internalVersion>1</internalVersion>

  <createdUsing>"SimMechanics Link Version 4.1"</createdUsing>

  <createdFrom>"SolidWorks 20.2.0"</createdFrom>

  <createdOn>"05/05/13||17:04:06"</createdOn>

  <createdBy>"No formal user defined!"</createdBy>

  <name>"_EF_BancPH_ivan"</name>

  <SimMechanics>
    <name>"_EF_BancPH_ivan"</name>
    <nodeID>"_EF_BancPH_ivan"</nodeID>
    <bodies>
      <Body>
        <name>"SE_Tige piston-1"</name>
        <nodeID>"SE_Tige piston-1"</nodeID>
        <status>""</status>
        <mass>0.268512</mass>
        <massUnits>"kg"</massUnits>
        <inertia>2.06372e-005,3.05648e-008,6.48832e-011,3.05648e-008,0.012085,-8.15232e-011,6.48832e-011,-8.15232e-011,0.0120871</inertia>
        <inertiaUnits>"kg*m^2"</inertiaUnits>
        <volume>0.000268512</volume>
        <volumeUnits>"m^3"</volumeUnits>
        <surfaceArea>0.0653539</surfaceArea>
        <surfaceAreaUnits>"m^2"</surfaceAreaUnits>
        <frames>
          <Frame>
            <name>"CG"</name>
            <displayName>""</displayName>
            <nodeID>"SE_Tige piston-1::CG(AUTOGEN)"</nodeID>
            <position>-1.19461,0.683713,0.405389</position>
            <positionOrigin>"WORLD"</positionOrigin>
            <positionReferenceFrame>"WORLD"</positionReferenceFrame>
            <positionUnits>"m"</positionUnits>
            <orientation>0.999105,0.0423027,0,0.0423027,-0.999105,0,0,0,-1</orientation>
            <orientationType>"3x3 Transform"</orientationType>
            <orientationUnits>"rad"</orientationUnits>
            <orientationReferenceFrame>"WORLD"</orientationReferenceFrame>
          </Frame>
          <Frame>
            <name>"CS1"</name>
            <displayName>""</displayName>
            <nodeID>"SE_Tige piston-1::CS1(AUTOGEN)"</nodeID>
            <position>-1.43849,0.673387,0.405389</position>
            <positionOrigin>"WORLD"</positionOrigin>
            <positionReferenceFrame>"WORLD"</positionReferenceFrame>
            <positionUnits>"m"</positionUnits>
            <orientation>0.999105,0.0423027,0,0.0423027,-0.999105,0,0,0,-1</orientation>
            <orientationType>"3x3 Transform"</orientationType>
            <orientationUnits>"rad"</orientationUnits>
            <orientationReferenceFrame>"WORLD"</orientationReferenceFrame>
          </Frame>
          <Frame ref="4">
            <name>"CS2"</name>
            <displayName>""</displayName>
            <nodeID>"SE_Cylindre-1:-:SE_Tige piston-1::SE_Tige piston-1(AUTOGEN)"</nodeID>
            <position>-1.10291,0.687596,0.405389</position>
            <positionOrigin>"WORLD"</positionOrigin>
            <positionReferenceFrame>"WORLD"</positionReferenceFrame>
            <positionUnits>"m"</positionUnits>
            <orientation>1,0,0,0,1,0,0,0,1</orientation>
            <orientationType>"3x3 Transform"</orientationType>
            <orientationUnits>"rad"</orientationUnits>
            <orientationReferenceFrame>"WORLD"</orientationReferenceFrame>
          </Frame>
          <Frame ref="6">
            <name>"CS3"</name>
            <displayName>""</displayName>
            <nodeID>"SE_Safran-1:-:SE_Tige piston-1::SE_Tige piston-1(AUTOGEN)"</nodeID>
            <position>-0.858513,0.697944,0.420889</position>
            <positionOrigin>"WORLD"</positionOrigin>
            <positionReferenceFrame>"WORLD"</positionReferenceFrame>
            <positionUnits>"m"</positionUnits>
            <orientation>1,0,0,0,1,0,0,0,1</orientation>
            <orientationType>"3x3 Transform"</orientationType>
            <orientationUnits>"rad"</orientationUnits>
            <orientationReferenceFrame>"WORLD"</orientationReferenceFrame>
          </Frame>
        </frames>
        <geometryFileName>"_EF_BancPH_ivan - SE_Tige piston-1.STL"</geometryFileName>
        <MaterialProp>
          <color>0.752941,0.752941,0.752941</color>
          <ambient>1</ambient>
          <diffuse>1</diffuse>
          <specular>1</specular>
          <shininess>0.3125</shininess>
          <transparency>0</transparency>
          <emission>0</emission>
        </MaterialProp>
      </Body>
      <Body>
        <name>"SE_Safran-1"</name>
        <nodeID>"SE_Safran-1"</nodeID>
        <status>""</status>
        <mass>0.316611</mass>
        <massUnits>"kg"</massUnits>
        <inertia>0.000714938,6.94962e-006,-0.000382637,6.94962e-006,0.00187569,-1.56573e-006,-0.000382637,-1.56573e-006,0.00126027</inertia>
        <inertiaUnits>"kg*m^2"</inertiaUnits>
        <volume>0.000316611</volume>
        <volumeUnits>"m^3"</volumeUnits>
        <surfaceArea>0.0841269</surfaceArea>
        <surfaceAreaUnits>"m^2"</surfaceAreaUnits>
        <frames>
          <Frame>
            <name>"CG"</name>
            <displayName>""</displayName>
            <nodeID>"SE_Safran-1::CG(AUTOGEN)"</nodeID>
            <position>-0.855465,0.553018,0.352112</position>
            <positionOrigin>"WORLD"</positionOrigin>
            <positionReferenceFrame>"WORLD"</positionReferenceFrame>
            <positionUnits>"m"</positionUnits>
            <orientation>-0.0234219,0.999726,0,-0.999726,-0.0234219,0,0,0,1</orientation>
            <orientationType>"3x3 Transform"</orientationType>
            <orientationUnits>"rad"</orientationUnits>
            <orientationReferenceFrame>"WORLD"</orientationReferenceFrame>
          </Frame>
          <Frame>
            <name>"CS1"</name>
            <displayName>""</displayName>
            <nodeID>"SE_Safran-1::CS1(AUTOGEN)"</nodeID>
            <position>-0.854297,0.517993,0.393889</position>
            <positionOrigin>"WORLD"</positionOrigin>
            <positionReferenceFrame>"WORLD"</positionReferenceFrame>
            <positionUnits>"m"</positionUnits>
            <orientation>-0.0234219,0.999726,0,-0.999726,-0.0234219,0,0,0,1</orientation>
            <orientationType>"3x3 Transform"</orientationType>
            <orientationUnits>"rad"</orientationUnits>
            <orientationReferenceFrame>"WORLD"</orientationReferenceFrame>
          </Frame>
          <Frame ref="5">
            <name>"CS2"</name>
            <displayName>""</displayName>
            <nodeID>"SE_Safran-1:-:SE_Tige piston-1::SE_Safran-1(AUTOGEN)"</nodeID>
            <position>-0.858513,0.697944,0.420889</position>
            <positionOrigin>"WORLD"</positionOrigin>
            <positionReferenceFrame>"WORLD"</positionReferenceFrame>
            <positionUnits>"m"</positionUnits>
            <orientation>1,0,0,0,1,0,0,0,1</orientation>
            <orientationType>"3x3 Transform"</orientationType>
            <orientationUnits>"rad"</orientationUnits>
            <orientationReferenceFrame>"WORLD"</orientationReferenceFrame>
          </Frame>
          <Frame ref="10">
            <name>"CS3"</name>
            <displayName>""</displayName>
            <nodeID>"SE_Bati-1:-:SE_Safran-1::SE_Safran-1(AUTOGEN)"</nodeID>
            <position>-0.854297,0.517993,0.340389</position>
            <positionOrigin>"WORLD"</positionOrigin>
            <positionReferenceFrame>"WORLD"</positionReferenceFrame>
            <positionUnits>"m"</positionUnits>
            <orientation>1,0,0,0,1,0,0,0,1</orientation>
            <orientationType>"3x3 Transform"</orientationType>
            <orientationUnits>"rad"</orientationUnits>
            <orientationReferenceFrame>"WORLD"</orientationReferenceFrame>
          </Frame>
        </frames>
        <geometryFileName>"_EF_BancPH_ivan - SE_Safran-1.STL"</geometryFileName>
        <MaterialProp>
          <color>0.752941,0.752941,0.752941</color>
          <ambient>1</ambient>
          <diffuse>1</diffuse>
          <specular>1</specular>
          <shininess>0.3125</shininess>
          <transparency>0</transparency>
          <emission>0</emission>
        </MaterialProp>
      </Body>
      <Body>
        <name>"SE_Cylindre-1"</name>
        <nodeID>"SE_Cylindre-1"</nodeID>
        <status>""</status>
        <mass>0.415934</mass>
        <massUnits>"kg"</massUnits>
        <inertia>0.000227172,1.52435e-005,-8.18122e-006,1.52435e-005,0.00749454,-2.83709e-006,-8.18122e-006,-2.83709e-006,0.00748907</inertia>
        <inertiaUnits>"kg*m^2"</inertiaUnits>
        <volume>0.000415934</volume>
        <volumeUnits>"m^3"</volumeUnits>
        <surfaceArea>0.158501</surfaceArea>
        <surfaceAreaUnits>"m^2"</surfaceAreaUnits>
        <frames>
          <Frame>
            <name>"CG"</name>
            <displayName>""</displayName>
            <nodeID>"SE_Cylindre-1::CG(AUTOGEN)"</nodeID>
            <position>-1.24889,0.681158,0.405388</position>
            <positionOrigin>"WORLD"</positionOrigin>
            <positionReferenceFrame>"WORLD"</positionReferenceFrame>
            <positionUnits>"m"</positionUnits>
            <orientation>0.999105,0.0423027,0,-0.0372355,0.879429,0.474572,0.0200757,-0.474147,0.880217</orientation>
            <orientationType>"3x3 Transform"</orientationType>
            <orientationUnits>"rad"</orientationUnits>
            <orientationReferenceFrame>"WORLD"</orientationReferenceFrame>
          </Frame>
          <Frame>
            <name>"CS1"</name>
            <displayName>""</displayName>
            <nodeID>"SE_Cylindre-1::CS1(AUTOGEN)"</nodeID>
            <position>-1.2867,0.567246,0.418732</position>
            <positionOrigin>"WORLD"</positionOrigin>
            <positionReferenceFrame>"WORLD"</positionReferenceFrame>
            <positionUnits>"m"</positionUnits>
            <orientation>0.999105,0.0423027,0,-0.0372355,0.879429,0.474572,0.0200757,-0.474147,0.880217</orientation>
            <orientationType>"3x3 Transform"</orientationType>
            <orientationUnits>"rad"</orientationUnits>
            <orientationReferenceFrame>"WORLD"</orientationReferenceFrame>
          </Frame>
          <Frame ref="3">
            <name>"CS2"</name>
            <displayName>""</displayName>
            <nodeID>"SE_Cylindre-1:-:SE_Tige piston-1::SE_Cylindre-1(AUTOGEN)"</nodeID>
            <position>-1.10291,0.687596,0.405389</position>
            <positionOrigin>"WORLD"</positionOrigin>
            <positionReferenceFrame>"WORLD"</positionReferenceFrame>
            <positionUnits>"m"</positionUnits>
            <orientation>1,0,0,0,1,0,0,0,1</orientation>
            <orientationType>"3x3 Transform"</orientationType>
            <orientationUnits>"rad"</orientationUnits>
            <orientationReferenceFrame>"WORLD"</orientationReferenceFrame>
          </Frame>
          <Frame ref="8">
            <name>"CS3"</name>
            <displayName>""</displayName>
            <nodeID>"SE_Bati-1:-:SE_Cylindre-1::SE_Cylindre-1(AUTOGEN)"</nodeID>
            <position>-1.4478,0.672993,0.391315</position>
            <positionOrigin>"WORLD"</positionOrigin>
            <positionReferenceFrame>"WORLD"</positionReferenceFrame>
            <positionUnits>"m"</positionUnits>
            <orientation>1,0,0,0,1,0,0,0,1</orientation>
            <orientationType>"3x3 Transform"</orientationType>
            <orientationUnits>"rad"</orientationUnits>
            <orientationReferenceFrame>"WORLD"</orientationReferenceFrame>
          </Frame>
        </frames>
        <geometryFileName>"_EF_BancPH_ivan - SE_Cylindre-1.STL"</geometryFileName>
        <MaterialProp>
          <color>0.305882,0.305882,0.305882</color>
          <ambient>1</ambient>
          <diffuse>1</diffuse>
          <specular>1</specular>
          <shininess>0.3125</shininess>
          <transparency>0</transparency>
          <emission>0</emission>
        </MaterialProp>
      </Body>
      <Body>
        <name>"SE_Bati-1"</name>
        <nodeID>"SE_Bati-1"</nodeID>
        <status>""</status>
        <mass>10.7703</mass>
        <massUnits>"kg"</massUnits>
        <inertia>0.196607,0.0119133,0.0109935,0.0119133,1.14271,-0.000206125,0.0109935,-0.000206125,1.29701</inertia>
        <inertiaUnits>"kg*m^2"</inertiaUnits>
        <volume>0.0107703</volume>
        <volumeUnits>"m^3"</volumeUnits>
        <surfaceArea>2.08211</surfaceArea>
        <surfaceAreaUnits>"m^2"</surfaceAreaUnits>
        <frames>
          <Frame>
            <name>"CG"</name>
            <displayName>""</displayName>
            <nodeID>"SE_Bati-1::CG(AUTOGEN)"</nodeID>
            <position>-1.08627,0.612468,0.301696</position>
            <positionOrigin>"WORLD"</positionOrigin>
            <positionReferenceFrame>"WORLD"</positionReferenceFrame>
            <positionUnits>"m"</positionUnits>
            <orientation>1,0,0,0,1,0,0,0,1</orientation>
            <orientationType>"3x3 Transform"</orientationType>
            <orientationUnits>"rad"</orientationUnits>
            <orientationReferenceFrame>"WORLD"</orientationReferenceFrame>
          </Frame>
          <Frame>
            <name>"CS1"</name>
            <displayName>""</displayName>
            <nodeID>"SE_Bati-1::CS1(AUTOGEN)"</nodeID>
            <position>-0.854297,0.517993,0.336389</position>
            <positionOrigin>"WORLD"</positionOrigin>
            <positionReferenceFrame>"WORLD"</positionReferenceFrame>
            <positionUnits>"m"</positionUnits>
            <orientation>1,0,0,0,1,0,0,0,1</orientation>
            <orientationType>"3x3 Transform"</orientationType>
            <orientationUnits>"rad"</orientationUnits>
            <orientationReferenceFrame>"WORLD"</orientationReferenceFrame>
          </Frame>
          <Frame ref="2">
            <name>"CS2"</name>
            <displayName>""</displayName>
            <nodeID>"SE_Bati-1:-:_EF_BancPH_ivan/RootPart::SE_Bati-1(AUTOGEN)"</nodeID>
            <position>-1.08627,0.612468,0.301696</position>
            <positionOrigin>"WORLD"</positionOrigin>
            <positionReferenceFrame>"WORLD"</positionReferenceFrame>
            <positionUnits>"m"</positionUnits>
            <orientation>1,0,0,0,1,0,0,0,1</orientation>
            <orientationType>"3x3 Transform"</orientationType>
            <orientationUnits>"rad"</orientationUnits>
            <orientationReferenceFrame>"WORLD"</orientationReferenceFrame>
          </Frame>
          <Frame ref="7">
            <name>"CS3"</name>
            <displayName>""</displayName>
            <nodeID>"SE_Bati-1:-:SE_Cylindre-1::SE_Bati-1(AUTOGEN)"</nodeID>
            <position>-1.4478,0.672993,0.391315</position>
            <positionOrigin>"WORLD"</positionOrigin>
            <positionReferenceFrame>"WORLD"</positionReferenceFrame>
            <positionUnits>"m"</positionUnits>
            <orientation>1,0,0,0,1,0,0,0,1</orientation>
            <orientationType>"3x3 Transform"</orientationType>
            <orientationUnits>"rad"</orientationUnits>
            <orientationReferenceFrame>"WORLD"</orientationReferenceFrame>
          </Frame>
          <Frame ref="9">
            <name>"CS4"</name>
            <displayName>""</displayName>
            <nodeID>"SE_Bati-1:-:SE_Safran-1::SE_Bati-1(AUTOGEN)"</nodeID>
            <position>-0.854297,0.517993,0.340389</position>
            <positionOrigin>"WORLD"</positionOrigin>
            <positionReferenceFrame>"WORLD"</positionReferenceFrame>
            <positionUnits>"m"</positionUnits>
            <orientation>1,0,0,0,1,0,0,0,1</orientation>
            <orientationType>"3x3 Transform"</orientationType>
            <orientationUnits>"rad"</orientationUnits>
            <orientationReferenceFrame>"WORLD"</orientationReferenceFrame>
          </Frame>
        </frames>
        <geometryFileName>"_EF_BancPH_ivan - SE_Bati-1.STL"</geometryFileName>
        <MaterialProp>
          <color>0.752941,0.752941,0.752941</color>
          <ambient>1</ambient>
          <diffuse>1</diffuse>
          <specular>1</specular>
          <shininess>0.3125</shininess>
          <transparency>0</transparency>
          <emission>0</emission>
        </MaterialProp>
      </Body>
      <Body>
        <name>"RootPart"</name>
        <nodeID>"_EF_BancPH_ivan/RootPart"</nodeID>
        <status>""</status>
        <mass>0</mass>
        <massUnits>"kg"</massUnits>
        <inertia>0,0,0,0,0,0,0,0,0</inertia>
        <inertiaUnits>"kg*m^2"</inertiaUnits>
        <volume>0</volume>
        <volumeUnits>"m^3"</volumeUnits>
        <surfaceArea>0</surfaceArea>
        <surfaceAreaUnits>"m^2"</surfaceAreaUnits>
        <frames>
          <Frame>
            <name>"CG"</name>
            <displayName>""</displayName>
            <nodeID>"_EF_BancPH_ivan/RootPart::CG(AUTOGEN)"</nodeID>
            <position>-1.08828,0.614921,0.309081</position>
            <positionOrigin>"WORLD"</positionOrigin>
            <positionReferenceFrame>"WORLD"</positionReferenceFrame>
            <positionUnits>"m"</positionUnits>
            <orientation>1,0,0,0,1,0,0,0,1</orientation>
            <orientationType>"3x3 Transform"</orientationType>
            <orientationUnits>"rad"</orientationUnits>
            <orientationReferenceFrame>"WORLD"</orientationReferenceFrame>
          </Frame>
          <Frame>
            <name>"CS1"</name>
            <displayName>""</displayName>
            <nodeID>"_EF_BancPH_ivan/RootPart::CS1(AUTOGEN)"</nodeID>
            <position>0,0,0</position>
            <positionOrigin>"WORLD"</positionOrigin>
            <positionReferenceFrame>"WORLD"</positionReferenceFrame>
            <positionUnits>"m"</positionUnits>
            <orientation>1,0,0,0,1,0,0,0,1</orientation>
            <orientationType>"3x3 Transform"</orientationType>
            <orientationUnits>"rad"</orientationUnits>
            <orientationReferenceFrame>"WORLD"</orientationReferenceFrame>
          </Frame>
          <Frame ref="1">
            <name>"CS2"</name>
            <displayName>""</displayName>
            <nodeID>"SE_Bati-1:-:_EF_BancPH_ivan/RootPart::_EF_BancPH_ivan/RootPart(AUTOGEN)"</nodeID>
            <position>-1.08627,0.612468,0.301696</position>
            <positionOrigin>"WORLD"</positionOrigin>
            <positionReferenceFrame>"WORLD"</positionReferenceFrame>
            <positionUnits>"m"</positionUnits>
            <orientation>1,0,0,0,1,0,0,0,1</orientation>
            <orientationType>"3x3 Transform"</orientationType>
            <orientationUnits>"rad"</orientationUnits>
            <orientationReferenceFrame>"WORLD"</orientationReferenceFrame>
          </Frame>
          <Frame ref="12">
            <name>"CS3"</name>
            <displayName>""</displayName>
            <nodeID>"RootGround:-:_EF_BancPH_ivan/RootPart::_EF_BancPH_ivan/RootPart(AUTOGEN)"</nodeID>
            <position>-1.08828,0.614921,0.309081</position>
            <positionOrigin>"WORLD"</positionOrigin>
            <positionReferenceFrame>"WORLD"</positionReferenceFrame>
            <positionUnits>"m"</positionUnits>
            <orientation>1,0,0,0,1,0,0,0,1</orientation>
            <orientationType>"3x3 Transform"</orientationType>
            <orientationUnits>"rad"</orientationUnits>
            <orientationReferenceFrame>"WORLD"</orientationReferenceFrame>
          </Frame>
        </frames>
        <geometryFileName>""</geometryFileName>
      </Body>
    </bodies>
    <joints>
      <SimpleJoint>
        <name>"RootPart--SE_Bati-1"</name>
        <nodeID>"SE_Bati-1:-:_EF_BancPH_ivan/RootPart"</nodeID>
        <status>""</status>
        <base>
          <JointSide>
            <name>""</name>
            <connection>
              <Frame ref="1"></Frame>
            </connection>
          </JointSide>
        </base>
        <follower>
          <JointSide>
            <name>""</name>
            <connection>
              <Frame ref="2"></Frame>
            </connection>
          </JointSide>
        </follower>
        <primitives>
          <Primitive>
            <name>"weld"</name>
            <nodeID>""</nodeID>
            <referenceFrame>"WORLD"</referenceFrame>
            <axis>0.57735,0.57735,0.57735</axis>
          </Primitive>
        </primitives>
      </SimpleJoint>
      <SimpleJoint>
        <name>"SE_Cylindre-1--SE_Tige piston-1"</name>
        <nodeID>"SE_Cylindre-1:-:SE_Tige piston-1"</nodeID>
        <status>""</status>
        <base>
          <JointSide>
            <name>""</name>
            <connection>
              <Frame ref="3"></Frame>
            </connection>
          </JointSide>
        </base>
        <follower>
          <JointSide>
            <name>""</name>
            <connection>
              <Frame ref="4"></Frame>
            </connection>
          </JointSide>
        </follower>
        <primitives>
          <Primitive>
            <name>"prismatic"</name>
            <nodeID>""</nodeID>
            <referenceFrame>"WORLD"</referenceFrame>
            <axis>-0.999105,-0.0423027,0</axis>
          </Primitive>
          <Primitive>
            <name>"revolute"</name>
            <nodeID>""</nodeID>
            <referenceFrame>"WORLD"</referenceFrame>
            <axis>-0.999105,-0.0423027,0</axis>
          </Primitive>
        </primitives>
      </SimpleJoint>
      <SimpleJoint>
        <name>"SE_Safran-1--SE_Tige piston-1"</name>
        <nodeID>"SE_Safran-1:-:SE_Tige piston-1"</nodeID>
        <status>""</status>
        <base>
          <JointSide>
            <name>""</name>
            <connection>
              <Frame ref="5"></Frame>
            </connection>
          </JointSide>
        </base>
        <follower>
          <JointSide>
            <name>""</name>
            <connection>
              <Frame ref="6"></Frame>
            </connection>
          </JointSide>
        </follower>
        <primitives>
          <Primitive>
            <name>"prismatic"</name>
            <nodeID>""</nodeID>
            <referenceFrame>"WORLD"</referenceFrame>
            <axis>0,0,-1</axis>
          </Primitive>
          <Primitive>
            <name>"revolute"</name>
            <nodeID>""</nodeID>
            <referenceFrame>"WORLD"</referenceFrame>
            <axis>0,0,-1</axis>
          </Primitive>
        </primitives>
      </SimpleJoint>
      <SimpleJoint>
        <name>"SE_Bati-1--SE_Cylindre-1"</name>
        <nodeID>"SE_Bati-1:-:SE_Cylindre-1"</nodeID>
        <status>"Could not solve for constraint between demicoussinet-2 and Fond V2H40-1 because of CAD constrain Coaxiale4"</status>
        <base>
          <JointSide>
            <name>""</name>
            <connection>
              <Frame ref="7"></Frame>
            </connection>
          </JointSide>
        </base>
        <follower>
          <JointSide>
            <name>""</name>
            <connection>
              <Frame ref="8"></Frame>
            </connection>
          </JointSide>
        </follower>
        <primitives>
          <Primitive>
            <name>"weld"</name>
            <nodeID>""</nodeID>
            <referenceFrame>"WORLD"</referenceFrame>
            <axis>0.57735,0.57735,0.57735</axis>
          </Primitive>
        </primitives>
      </SimpleJoint>
      <SimpleJoint>
        <name>"SE_Bati-1--SE_Safran-1"</name>
        <nodeID>"SE_Bati-1:-:SE_Safran-1"</nodeID>
        <status>""</status>
        <base>
          <JointSide>
            <name>""</name>
            <connection>
              <Frame ref="9"></Frame>
            </connection>
          </JointSide>
        </base>
        <follower>
          <JointSide>
            <name>""</name>
            <connection>
              <Frame ref="10"></Frame>
            </connection>
          </JointSide>
        </follower>
        <primitives>
          <Primitive>
            <name>"revolute"</name>
            <nodeID>""</nodeID>
            <referenceFrame>"WORLD"</referenceFrame>
            <axis>0,0,1</axis>
          </Primitive>
        </primitives>
      </SimpleJoint>
      <SimpleJoint>
        <name>"RootGround--RootPart"</name>
        <nodeID>"RootGround:-:_EF_BancPH_ivan/RootPart"</nodeID>
        <status>""</status>
        <base>
          <JointSide>
            <name>""</name>
            <connection>
              <Frame ref="11"></Frame>
            </connection>
          </JointSide>
        </base>
        <follower>
          <JointSide>
            <name>""</name>
            <connection>
              <Frame ref="12"></Frame>
            </connection>
          </JointSide>
        </follower>
        <primitives>
          <Primitive>
            <name>"weld"</name>
            <nodeID>""</nodeID>
            <referenceFrame>"WORLD"</referenceFrame>
            <axis>0.57735,0.57735,0.57735</axis>
          </Primitive>
        </primitives>
      </SimpleJoint>
    </joints>
    <grounds>
      <Ground>
        <name>"RootGround"</name>
        <nodeID>"RootGround"</nodeID>
        <status>""</status>
        <frame>
          <Frame ref="11">
            <name>"CS1"</name>
            <displayName>""</displayName>
            <nodeID>"RootGround:-:_EF_BancPH_ivan/RootPart::RootGround(AUTOGEN)"</nodeID>
            <position>-1.08828,0.614921,0.309081</position>
            <positionOrigin>"WORLD"</positionOrigin>
            <positionReferenceFrame>"WORLD"</positionReferenceFrame>
            <positionUnits>"m"</positionUnits>
            <orientation>1,0,0,0,1,0,0,0,1</orientation>
            <orientationType>"3x3 Transform"</orientationType>
            <orientationUnits>"rad"</orientationUnits>
            <orientationReferenceFrame>"WORLD"</orientationReferenceFrame>
          </Frame>
        </frame>
      </Ground>
    </grounds>
    <subsystems></subsystems>
    <connectionPorts></connectionPorts>
    <id>0</id>
  </SimMechanics>

</PhysicalModelingXMLFile>
