<?xml version="1.0" encoding="UTF-8" standalone="no" ?>
<SimMechanicsImportXML version="1.0" xmlns="urn:mathworks:simmechanics:import" xmlns:xsi="http://www.w3.org/2001/XMLSchema-instance">
<Created by="" on="05/24/13||14:32:00" using="SimMechanics Link Version 4.1" from="SolidWorks 20.2.0"/>
<ModelUnits mass="kilogram" length="millimeter"/>
<DataUnits mass="kilogram" length="meter"/>
<RootAssembly name="_EF_BancPH_ivan" uid="_EF_BancPH_ivan" version="424">
<AssemblyFile name="_EF_BancPH_ivan.SLDASM" type="SolidWorks Assembly"/>
<InstanceTree>
<Instance name="SE_Tige piston-1" uid="SE_Tige piston-1" entityUid="SE_Tige piston" rigid="true">
<Transform>
<Rotation>0.999105 0.0423027 0 0.0423027 -0.999105 0 0 0 -1</Rotation>
<Translation>-1.43849 0.673387 0.405389</Translation>
</Transform>
<Instance name="tige speciale-1" uid="tige speciale-1" grounded="true" entityUid="tige speciale*:*Défaut">
<Transform>
<Rotation>1 0 0 0 1 0 0 0 1</Rotation>
<Translation>0 0 0</Translation>
</Transform>
<VisualProperties>
<Ambient r="0.588235" g="0.905882" b="0.894118" a="1"/>
<Diffuse r="0.588235" g="0.905882" b="0.894118" a="1"/>
<Specular r="0.588235" g="0.905882" b="0.894118" a="1"/>
<Emissive r="0" g="0" b="0" a="1"/>
<Shininess>0.3125</Shininess>
</VisualProperties>
</Instance>
<Instance name="Piston VHM40DTP-1" uid="Piston VHM40DTP-1" entityUid="Piston VHM40DTP*:*Défaut">
<Transform>
<Rotation>1 0 0 0 1 0 0 0 1</Rotation>
<Translation>0.208 0 0</Translation>
</Transform>
<VisualProperties>
<Ambient r="0.588235" g="0.905882" b="0.894118" a="1"/>
<Diffuse r="0.588235" g="0.905882" b="0.894118" a="1"/>
<Specular r="0.588235" g="0.905882" b="0.894118" a="1"/>
<Emissive r="0" g="0" b="0" a="1"/>
<Shininess>0.3125</Shininess>
</VisualProperties>
</Instance>
<Instance name="axe de piston-1" uid="axe de piston-1" entityUid="axe de piston*:*Défaut">
<Transform>
<Rotation>1 0 0 0 1 0 0 0 1</Rotation>
<Translation>0.193 0 -0.0175</Translation>
</Transform>
<VisualProperties>
<Ambient r="0.588235" g="0.905882" b="0.894118" a="1"/>
<Diffuse r="0.588235" g="0.905882" b="0.894118" a="1"/>
<Specular r="0.588235" g="0.905882" b="0.894118" a="1"/>
<Emissive r="0" g="0" b="0" a="1"/>
<Shininess>0.3125</Shininess>
</VisualProperties>
</Instance>
<Instance name="EmboutRotule-1" uid="EmboutRotule-1" entityUid="EmboutRotule*:*Default">
<Transform>
<Rotation>0 0 -1 1 0 0 0 -1 0</Rotation>
<Translation>0.5805 0 0</Translation>
</Transform>
<VisualProperties>
<Ambient r="0.588235" g="0.905882" b="0.894118" a="1"/>
<Diffuse r="0.588235" g="0.905882" b="0.894118" a="1"/>
<Specular r="0.588235" g="0.905882" b="0.894118" a="1"/>
<Emissive r="0" g="0" b="0" a="1"/>
<Shininess>0.3125</Shininess>
</VisualProperties>
</Instance>
<Instance name="GoupilleFendue-1" uid="GoupilleFendue-1" entityUid="GoupilleFendue*:*Default">
<Transform>
<Rotation>1 0 0 0 1 0 0 0 1</Rotation>
<Translation>0.5355 0 0</Translation>
</Transform>
<VisualProperties>
<Ambient r="0.588235" g="0.905882" b="0.894118" a="1"/>
<Diffuse r="0.588235" g="0.905882" b="0.894118" a="1"/>
<Specular r="0.588235" g="0.905882" b="0.894118" a="1"/>
<Emissive r="0" g="0" b="0" a="1"/>
<Shininess>0.3125</Shininess>
</VisualProperties>
</Instance>
</Instance>
<Instance name="SE_Safran-1" uid="SE_Safran-1" entityUid="SE_Safran" rigid="true">
<Transform>
<Rotation>-0.0234219 -0.999726 0 0.999726 -0.0234219 0 0 0 1</Rotation>
<Translation>-0.854297 0.517993 0.393889</Translation>
</Transform>
<Instance name="AP_BrasMeche-1" uid="AP_BrasMeche-1" grounded="true" entityUid="AP_BrasMeche" rigid="true">
<Transform>
<Rotation>1 0 0 0 1 0 0 0 1</Rotation>
<Translation>0 0 0</Translation>
</Transform>
<VisualProperties>
<Ambient r="0.501961" g="1" b="0.501961" a="1"/>
<Diffuse r="0.501961" g="1" b="0.501961" a="1"/>
<Specular r="0.501961" g="1" b="0.501961" a="1"/>
<Emissive r="0" g="0" b="0" a="1"/>
<Shininess>0.3125</Shininess>
</VisualProperties>
<Instance name="BrasMeche-1" uid="BrasMeche-1" grounded="true" entityUid="BrasMeche*:*Default">
<Transform>
<Rotation>1 0 0 0 1 0 0 0 1</Rotation>
<Translation>0 0 0</Translation>
</Transform>
</Instance>
<Instance name="RotuleClipBoule-1" uid="RotuleClipBoule-1" entityUid="RotuleClipBoule*:*Default">
<Transform>
<Rotation>-0.907146 0.420816 0 0.420816 0.907146 0 0 0 -1</Rotation>
<Translation>0.13 0 0</Translation>
</Transform>
</Instance>
<Instance name="Axe-1" uid="Axe-1" entityUid="Axe*:*Default">
<Transform>
<Rotation>0 -1 0 1 0 0 0 0 1</Rotation>
<Translation>0.18 0 -0.003</Translation>
</Transform>
</Instance>
<Instance name="Vis H M10x60-1" uid="Vis H M10x60-1" entityUid="Vis H M10x60*:*ISO 4017 - M10 x 60-N">
<Transform>
<Rotation>0 -1 0 1 0 0 0 0 1</Rotation>
<Translation>-0.02 -0.0304 -0.01</Translation>
</Transform>
</Instance>
<Instance name="Vis H M10x60-2" uid="Vis H M10x60-2" entityUid="Vis H M10x60*:*ISO 4017 - M10 x 60-N">
<Transform>
<Rotation>0 -1 0 1 0 0 0 0 1</Rotation>
<Translation>-0.02 -0.0304 -0.0415</Translation>
</Transform>
</Instance>
<Instance name="Rondelle plate d10x2-1" uid="Rondelle plate d10x2-1" entityUid="Rondelle plate d10x2*:*Washer ISO 7091 - 10">
<Transform>
<Rotation>0 1 0 -1 0 0 0 0 1</Rotation>
<Translation>-0.02 0.024 -0.01</Translation>
</Transform>
</Instance>
<Instance name="Rondelle plate d10x2-2" uid="Rondelle plate d10x2-2" entityUid="Rondelle plate d10x2*:*Washer ISO 7091 - 10">
<Transform>
<Rotation>0 1 0 -1 0 0 0 0 1</Rotation>
<Translation>-0.02 0.024 -0.0415</Translation>
</Transform>
</Instance>
<Instance name="Ecrou Nylstop d10-1" uid="Ecrou Nylstop d10-1" entityUid="Ecrou Nylstop d10*:*ISO 7040-M10-N">
<Transform>
<Rotation>1 0 0 0 0 1 0 -1 0</Rotation>
<Translation>-0.02 0.03404 -0.0415</Translation>
</Transform>
</Instance>
<Instance name="Ecrou Nylstop d10-2" uid="Ecrou Nylstop d10-2" entityUid="Ecrou Nylstop d10*:*ISO 7040-M10-N">
<Transform>
<Rotation>1 0 0 0 0 1 0 -1 0</Rotation>
<Translation>-0.02 0.03404 -0.01</Translation>
</Transform>
</Instance>
<Instance name="Vis Pression M10-1" uid="Vis Pression M10-1" entityUid="Vis Pression M10*:*ISO 4029 - M10 x 16-N">
<Transform>
<Rotation>0.707107 0.315966 -0.632586 0.707107 -0.315966 0.632586 0 -0.894612 -0.446844</Rotation>
<Translation>-0.0217416 -0.0217416 -0.02575</Translation>
</Transform>
</Instance>
<Instance name="Vis Pression M10-2" uid="Vis Pression M10-2" entityUid="Vis Pression M10*:*ISO 4029 - M10 x 16-N">
<Transform>
<Rotation>0.707107 -0.114076 0.697844 -0.707107 -0.114076 0.697844 0 -0.986901 -0.161327</Rotation>
<Translation>-0.0218505 0.0218505 -0.02575</Translation>
</Transform>
</Instance>
<Instance name="Ecrou Hm M5-1" uid="Ecrou Hm M5-1" entityUid="Ecrou Hm M5*:*Hexagon Nut ISO - 4036 - M5 - N">
<Transform>
<Rotation>1 0 0 0 1 0 0 0 1</Rotation>
<Translation>0.13 0 -0.0075</Translation>
</Transform>
</Instance>
<Instance name="Rondelle Grower d14-1" uid="Rondelle Grower d14-1" entityUid="Rondelle Grower d14*:*Default">
<Transform>
<Rotation>0.997529 -0.0702579 0 0.0702579 0.997529 0 0 0 1</Rotation>
<Translation>0.18 0 -0.019</Translation>
</Transform>
</Instance>
<Instance name="Ecrou Nylstop M14-1" uid="Ecrou Nylstop M14-1" entityUid="Ecrou Nylstop M14*:*ISO 7040-M14-N">
<Transform>
<Rotation>-0.99253 0.121999 -5.30648e-016 0.121999 0.99253 0 5.55112e-016 0 -1</Rotation>
<Translation>0.18 0 -0.0311</Translation>
</Transform>
</Instance>
<Instance name="Epingle-1" uid="Epingle-1" entityUid="Epingle*:*Default">
<Transform>
<Rotation>1 0 0 0 1 0 0 0 1</Rotation>
<Translation>0.18 0 0.02245</Translation>
</Transform>
</Instance>
</Instance>
<Instance name="ArbreMeche-1" uid="ArbreMeche-1" entityUid="ArbreMeche*:*Default">
<Transform>
<Rotation>1 0 0 0 1 0 0 0 1</Rotation>
<Translation>0 0 -0.168</Translation>
</Transform>
<VisualProperties>
<Ambient r="0.501961" g="1" b="0.501961" a="1"/>
<Diffuse r="0.501961" g="1" b="0.501961" a="1"/>
<Specular r="0.501961" g="1" b="0.501961" a="1"/>
<Emissive r="0" g="0" b="0" a="1"/>
<Shininess>0.3125</Shininess>
</VisualProperties>
</Instance>
</Instance>
<Instance name="SE_Cylindre-1" uid="SE_Cylindre-1" entityUid="SE_Cylindre" rigid="true">
<Transform>
<Rotation>0.999105 -0.0372355 0.0200757 0.0423027 0.879429 -0.474147 0 0.474572 0.880217</Rotation>
<Translation>-1.2867 0.567246 0.418732</Translation>
</Transform>
<Instance name="Fond V2H40-1" uid="Fond V2H40-1" grounded="true" entityUid="Fond V2H40*:*Défaut">
<Transform>
<Rotation>1 0 0 0 0.920743 0.390169 0 -0.390169 0.920743</Rotation>
<Translation>-0.120379 0.0926632 -0.065119</Translation>
</Transform>
<VisualProperties>
<Ambient r="1" g="0.501961" b="0.501961" a="1"/>
<Diffuse r="1" g="0.501961" b="0.501961" a="1"/>
<Specular r="1" g="0.501961" b="0.501961" a="1"/>
<Emissive r="0" g="0" b="0" a="1"/>
<Shininess>0.31</Shininess>
</VisualProperties>
</Instance>
<Instance name="Tube V2H40-1" uid="Tube V2H40-1" entityUid="Tube V2H40*:*Défaut">
<Transform>
<Rotation>1 0 0 0 1 0 0 0 1</Rotation>
<Translation>0.000721032 0.0926632 -0.065119</Translation>
</Transform>
<VisualProperties>
<Ambient r="1" g="0.501961" b="0.501961" a="0.52"/>
<Diffuse r="1" g="0.501961" b="0.501961" a="0.52"/>
<Specular r="1" g="0.501961" b="0.501961" a="0.52"/>
<Emissive r="0" g="0" b="0" a="0.52"/>
<Shininess>0.31</Shininess>
</VisualProperties>
</Instance>
<Instance name="Nez V2H40-1" uid="Nez V2H40-1" entityUid="Nez V2H40*:*Défaut">
<Transform>
<Rotation>1 0 0 0 0.920743 0.390169 0 -0.390169 0.920743</Rotation>
<Translation>0.209721 0.0926632 -0.065119</Translation>
</Transform>
</Instance>
<Instance name="Tirant-1" uid="Tirant-1" entityUid="Tirant*:*Défaut">
<Transform>
<Rotation>0 0 -1 -0.970448 -0.24131 0 -0.24131 0.970448 0</Rotation>
<Translation>0.211721 0.0667084 -0.0756238</Translation>
</Transform>
</Instance>
<Instance name="Tirant-2" uid="Tirant-2" entityUid="Tirant*:*Défaut">
<Transform>
<Rotation>0 0 -1 -0.624995 0.780629 0 0.780629 0.624995 0</Rotation>
<Translation>0.211721 0.118618 -0.0546142</Translation>
</Transform>
</Instance>
<Instance name="Tirant-3" uid="Tirant-3" entityUid="Tirant*:*Défaut">
<Transform>
<Rotation>0 0 -1 -0.973252 0.22974 0 0.22974 0.973252 0</Rotation>
<Translation>0.211721 0.103168 -0.0910738</Translation>
</Transform>
</Instance>
<Instance name="Tirant-4" uid="Tirant-4" entityUid="Tirant*:*Défaut">
<Transform>
<Rotation>0 0 -1 0.444448 0.895805 0 0.895805 -0.444448 0</Rotation>
<Translation>0.211721 0.0821584 -0.0391643</Translation>
</Transform>
</Instance>
<Instance name="Rondelle M6-1" uid="Rondelle M6-1" entityUid="Rondelle M6*:*Défaut">
<Transform>
<Rotation>0 0 -1 -0.383049 0.923728 0 0.923728 0.383049 0</Rotation>
<Translation>-0.113279 0.118618 -0.0546142</Translation>
</Transform>
</Instance>
<Instance name="Rondelle M6-2" uid="Rondelle M6-2" entityUid="Rondelle M6*:*Défaut">
<Transform>
<Rotation>0 0 -1 -0.383049 0.923728 0 0.923728 0.383049 0</Rotation>
<Translation>-0.113279 0.0821584 -0.0391643</Translation>
</Transform>
</Instance>
<Instance name="Rondelle M6-3" uid="Rondelle M6-3" entityUid="Rondelle M6*:*Défaut">
<Transform>
<Rotation>0 0 -1 -0.383049 0.923728 0 0.923728 0.383049 0</Rotation>
<Translation>-0.113279 0.0667084 -0.0756238</Translation>
</Transform>
</Instance>
<Instance name="Rondelle M6-4" uid="Rondelle M6-4" entityUid="Rondelle M6*:*Défaut">
<Transform>
<Rotation>0 0 -1 -0.383049 0.923728 0 0.923728 0.383049 0</Rotation>
<Translation>-0.113279 0.103168 -0.0910738</Translation>
</Transform>
</Instance>
<Instance name="ecrouM6-1" uid="ecrouM6-1" entityUid="ecrouM6*:*M8-1.25">
<Transform>
<Rotation>0 0 1 0 1 0 -1 0 0</Rotation>
<Translation>-0.119679 0.103168 -0.0910738</Translation>
</Transform>
</Instance>
<Instance name="ecrouM6-2" uid="ecrouM6-2" entityUid="ecrouM6*:*M8-1.25">
<Transform>
<Rotation>0 0 1 0 1 0 -1 0 0</Rotation>
<Translation>-0.119679 0.0667084 -0.0756238</Translation>
</Transform>
</Instance>
<Instance name="ecrouM6-3" uid="ecrouM6-3" entityUid="ecrouM6*:*M8-1.25">
<Transform>
<Rotation>0 0 1 0 1 0 -1 0 0</Rotation>
<Translation>-0.119679 0.0821584 -0.0391643</Translation>
</Transform>
</Instance>
<Instance name="ecrouM6-4" uid="ecrouM6-4" entityUid="ecrouM6*:*M8-1.25">
<Transform>
<Rotation>0 0 1 0 1 0 -1 0 0</Rotation>
<Translation>-0.119679 0.118618 -0.0546142</Translation>
</Transform>
</Instance>
</Instance>
<Instance name="SE_Bati-1" uid="SE_Bati-1" grounded="true" entityUid="SE_Bati" rigid="true">
<Transform>
<Rotation>1 0 0 0 1 0 0 0 1</Rotation>
<Translation>-0.854297 0.517993 0.336389</Translation>
</Transform>
<Instance name="AP_Platine-2" uid="AP_Platine-2" entityUid="AP_Platine" rigid="true">
<Transform>
<Rotation>1 0 0 0 0 -1 0 1 0</Rotation>
<Translation>0.240684 0.155 0.0594838</Translation>
</Transform>
<Instance name="Bati_CaleRF300-1" uid="Bati_CaleRF300-1" entityUid="Bati_CaleRF300*:*Défaut">
<Transform>
<Rotation>-0.999717 0.0237979 0 0 0 1 0.0237979 0.999717 0</Rotation>
<Translation>0.0432758 -0.0594838 0.151621</Translation>
</Transform>
</Instance>
<Instance name="Bati_Platine-1" uid="Bati_Platine-1" grounded="true" entityUid="Bati_Platine*:*Défaut">
<Transform>
<Rotation>1 0 0 0 0 1 0 -1 0</Rotation>
<Translation>-0.240684 -0.0594838 0.155</Translation>
</Transform>
</Instance>
<Instance name="AP_Palier monte-1" uid="AP_Palier monte-1" entityUid="AP_Palier monte" rigid="true">
<Transform>
<Rotation>0 -1 0 0 0 1 -1 0 0</Rotation>
<Translation>-0.834184 -0.0414838 0</Translation>
</Transform>
<Instance name="Palier support VHM32 DTP-1" uid="Palier support VHM32 DTP-1" grounded="true" entityUid="Palier support VHM32 DTP*:*Défaut">
<Transform>
<Rotation>1 0 0 0 1 0 0 0 1</Rotation>
<Translation>0 0 0</Translation>
</Transform>
<VisualProperties>
<Ambient r="0.501961" g="0.501961" b="0.501961" a="1"/>
<Diffuse r="0.501961" g="0.501961" b="0.501961" a="1"/>
<Specular r="0.501961" g="0.501961" b="0.501961" a="1"/>
<Emissive r="0" g="0" b="0" a="1"/>
<Shininess>0.3125</Shininess>
</VisualProperties>
</Instance>
<Instance name="demicoussinet-1" visible="false" uid="demicoussinet-1" entityUid="demicoussinet*:*Défaut">
<Transform>
<Rotation>0 3.54404e-015 1 1 0 0 0 1 -3.54404e-015</Rotation>
<Translation>0 0 0.051</Translation>
</Transform>
</Instance>
<Instance name="demicoussinet-2" uid="demicoussinet-2" entityUid="demicoussinet*:*Défaut">
<Transform>
<Rotation>0 3.44169e-015 -1 1 0 0 0 -1 -3.21965e-015</Rotation>
<Translation>0 0 0.051</Translation>
</Transform>
</Instance>
<Instance name="Couvercle palier V2 H32-1" visible="false" uid="Couvercle palier V2 H32-1" entityUid="Couvercle palier V2 H32*:*Défaut">
<Transform>
<Rotation>1 0 0 0 1 0 0 0 1</Rotation>
<Translation>0 0 0.051</Translation>
</Transform>
<VisualProperties>
<Ambient r="0.501961" g="0.501961" b="0.501961" a="1"/>
<Diffuse r="0.501961" g="0.501961" b="0.501961" a="1"/>
<Specular r="0.501961" g="0.501961" b="0.501961" a="1"/>
<Emissive r="0" g="0" b="0" a="1"/>
<Shininess>0.3125</Shininess>
</VisualProperties>
</Instance>
<Instance name="vis H-M8-40-1" uid="vis H-M8-40-1" entityUid="vis H-M8-40*:*M12-1.75 x 45">
<Transform>
<Rotation>0.992169 0.124905 0 -0.124905 0.992169 0 0 0 1</Rotation>
<Translation>0.035 0 0.073</Translation>
</Transform>
</Instance>
<Instance name="vis H-M8-40-2" uid="vis H-M8-40-2" entityUid="vis H-M8-40*:*M12-1.75 x 45">
<Transform>
<Rotation>-0.586563 -0.809903 0 0.809903 -0.586563 0 0 0 1</Rotation>
<Translation>-0.035 0 0.073</Translation>
</Transform>
</Instance>
<Instance name="Vis CHC M10x70-1" uid="Vis CHC M10x70-1" entityUid="Vis CHC M10x70*:*ISO 4762 M10 x 60 --- 60N">
<Transform>
<Rotation>0 0 1 0 1 0 -1 0 0</Rotation>
<Translation>-0.0425 0.0275 0.028</Translation>
</Transform>
</Instance>
<Instance name="Vis CHC M10x70-2" uid="Vis CHC M10x70-2" entityUid="Vis CHC M10x70*:*ISO 4762 M10 x 60 --- 60N">
<Transform>
<Rotation>0 0 1 0 1 0 -1 0 0</Rotation>
<Translation>0.0425 0.0275 0.028</Translation>
</Transform>
</Instance>
<Instance name="Vis CHC M10x70-3" uid="Vis CHC M10x70-3" entityUid="Vis CHC M10x70*:*ISO 4762 M10 x 60 --- 60N">
<Transform>
<Rotation>0 0 1 0 1 0 -1 0 0</Rotation>
<Translation>-0.0425 -0.0275 0.028</Translation>
</Transform>
</Instance>
<Instance name="Vis CHC M10x70-4" uid="Vis CHC M10x70-4" entityUid="Vis CHC M10x70*:*ISO 4762 M10 x 60 --- 60N">
<Transform>
<Rotation>0 0 1 0 1 0 -1 0 0</Rotation>
<Translation>0.0425 -0.0275 0.028</Translation>
</Transform>
</Instance>
</Instance>
<Instance name="Bati_Coussinet-1" uid="Bati_Coussinet-1" entityUid="Bati_Coussinet*:*Défaut">
<Transform>
<Rotation>0.374812 0 -0.927101 0 1 0 0.927101 0 0.374812</Rotation>
<Translation>-0.240684 -0.0554838 0.155</Translation>
</Transform>
</Instance>
<Instance name="Bati_CaleSupport-1" uid="Bati_CaleSupport-1" entityUid="Bati_CaleSupport*:*Défaut">
<Transform>
<Rotation>1 0 0 0 0 1 0 -1 0</Rotation>
<Translation>-0.240684 -0.0484838 0.155</Translation>
</Transform>
</Instance>
<Instance name="AP_Poulie_Support-1" uid="AP_Poulie_Support-1" entityUid="AP_Poulie_Support" rigid="true">
<Transform>
<Rotation>1 0 0 0 1 0 0 0 1</Rotation>
<Translation>0 -0.004 0</Translation>
</Transform>
<Instance name="Poulie_Support-1" uid="Poulie_Support-1" entityUid="Poulie_Support*:*Défaut">
<Transform>
<Rotation>1 0 0 0 1 0 0 0 1</Rotation>
<Translation>-0.014684 -0.00453385 0</Translation>
</Transform>
</Instance>
<Instance name="Poulie_Axe-1" uid="Poulie_Axe-1" entityUid="Poulie_Axe*:*Défaut">
<Transform>
<Rotation>0 -1 0 0 0 1 -1 0 0</Rotation>
<Translation>-0.014684 -0.00453385 0.01</Translation>
</Transform>
</Instance>
<Instance name="ring_3am1-6-1" uid="ring_3am1-6-1" entityUid="ring_3am1-6*:*Default">
<Transform>
<Rotation>-0.707285 0.706928 0 -0.706928 -0.707285 0 0 0 1</Rotation>
<Translation>-0.014684 -0.00453385 -0.0116</Translation>
</Transform>
</Instance>
</Instance>
<Instance name="Capteur_Corps-1" uid="Capteur_Corps-1" entityUid="Capteur_Corps*:*Default">
<Transform>
<Rotation>0 0 -1 -1 0 0 0 1 0</Rotation>
<Translation>-0.098684 -0.00748385 0.155</Translation>
</Transform>
</Instance>
<Instance name="Rexroth30x30x290-1" uid="Rexroth30x30x290-1" entityUid="Rexroth30x30x290*:*Défaut">
<Transform>
<Rotation>1 0 0 0 1 0 0 0 1</Rotation>
<Translation>-0.861684 -0.0634838 -0.084</Translation>
</Transform>
</Instance>
<Instance name="Rexroth30x30x290-2" uid="Rexroth30x30x290-2" entityUid="Rexroth30x30x290*:*Défaut">
<Transform>
<Rotation>1 0 0 0 1 0 0 0 1</Rotation>
<Translation>-0.806684 -0.0634838 -0.084</Translation>
</Transform>
</Instance>
</Instance>
<Instance name="AP_Cadre-2" uid="AP_Cadre-2" entityUid="AP_Cadre" rigid="true">
<Transform>
<Rotation>1 0 0 0 1 0 0 0 1</Rotation>
<Translation>-0.699 -0.066 -0.11475</Translation>
</Transform>
<Instance name="AP_Poteau-1" uid="AP_Poteau-1" grounded="true" entityUid="AP_Poteau" rigid="true">
<Transform>
<Rotation>1 0 0 0 1 0 0 0 1</Rotation>
<Translation>0 0 0</Translation>
</Transform>
<Instance name="Rexroth30x30x125-1" uid="Rexroth30x30x125-1" grounded="true" entityUid="Rexroth30x30x125*:*Défaut">
<Transform>
<Rotation>1 0 0 0 1 0 0 0 1</Rotation>
<Translation>0 0 0</Translation>
</Transform>
</Instance>
<Instance name="Rexroth-30x30_Chapeau-1" uid="Rexroth-30x30_Chapeau-1" entityUid="Rexroth-30x30_Chapeau*:*Défaut">
<Transform>
<Rotation>1 0 0 0 1 0 0 0 1</Rotation>
<Translation>0 0 0.125</Translation>
</Transform>
</Instance>
<Instance name="Rexroth-PiedRotul8x30-1" uid="Rexroth-PiedRotul8x30-1" entityUid="Rexroth-PiedRotul8x30*:*Défaut">
<Transform>
<Rotation>1 0 0 0 0 -1 0 1 0</Rotation>
<Translation>0 0 -0.02</Translation>
</Transform>
</Instance>
</Instance>
<Instance name="AP_Poteau-2" uid="AP_Poteau-2" entityUid="AP_Poteau" rigid="true">
<Transform>
<Rotation>1 0 0 0 1 0 0 0 1</Rotation>
<Translation>0 0.32 0</Translation>
</Transform>
<Instance name="Rexroth30x30x125-1" uid="Rexroth30x30x125-1" grounded="true" entityUid="Rexroth30x30x125*:*Défaut">
<Transform>
<Rotation>1 0 0 0 1 0 0 0 1</Rotation>
<Translation>0 0 0</Translation>
</Transform>
</Instance>
<Instance name="Rexroth-30x30_Chapeau-1" uid="Rexroth-30x30_Chapeau-1" entityUid="Rexroth-30x30_Chapeau*:*Défaut">
<Transform>
<Rotation>1 0 0 0 1 0 0 0 1</Rotation>
<Translation>0 0 0.125</Translation>
</Transform>
</Instance>
<Instance name="Rexroth-PiedRotul8x30-1" uid="Rexroth-PiedRotul8x30-1" entityUid="Rexroth-PiedRotul8x30*:*Défaut">
<Transform>
<Rotation>1 0 0 0 0 -1 0 1 0</Rotation>
<Translation>0 0 -0.02</Translation>
</Transform>
</Instance>
</Instance>
<Instance name="AP_Poteau-3" uid="AP_Poteau-3" entityUid="AP_Poteau" rigid="true">
<Transform>
<Rotation>1 0 0 0 1 0 0 0 1</Rotation>
<Translation>0.95 0 0</Translation>
</Transform>
<Instance name="Rexroth30x30x125-1" uid="Rexroth30x30x125-1" grounded="true" entityUid="Rexroth30x30x125*:*Défaut">
<Transform>
<Rotation>1 0 0 0 1 0 0 0 1</Rotation>
<Translation>0 0 0</Translation>
</Transform>
</Instance>
<Instance name="Rexroth-30x30_Chapeau-1" uid="Rexroth-30x30_Chapeau-1" entityUid="Rexroth-30x30_Chapeau*:*Défaut">
<Transform>
<Rotation>1 0 0 0 1 0 0 0 1</Rotation>
<Translation>0 0 0.125</Translation>
</Transform>
</Instance>
<Instance name="Rexroth-PiedRotul8x30-1" uid="Rexroth-PiedRotul8x30-1" entityUid="Rexroth-PiedRotul8x30*:*Défaut">
<Transform>
<Rotation>1 0 0 0 0 -1 0 1 0</Rotation>
<Translation>0 0 -0.02</Translation>
</Transform>
</Instance>
</Instance>
<Instance name="AP_Poteau-4" uid="AP_Poteau-4" entityUid="AP_Poteau" rigid="true">
<Transform>
<Rotation>1 0 0 0 1 0 0 0 1</Rotation>
<Translation>0.95 0.32 0</Translation>
</Transform>
<Instance name="Rexroth30x30x125-1" uid="Rexroth30x30x125-1" grounded="true" entityUid="Rexroth30x30x125*:*Défaut">
<Transform>
<Rotation>1 0 0 0 1 0 0 0 1</Rotation>
<Translation>0 0 0</Translation>
</Transform>
</Instance>
<Instance name="Rexroth-30x30_Chapeau-1" uid="Rexroth-30x30_Chapeau-1" entityUid="Rexroth-30x30_Chapeau*:*Défaut">
<Transform>
<Rotation>1 0 0 0 1 0 0 0 1</Rotation>
<Translation>0 0 0.125</Translation>
</Transform>
</Instance>
<Instance name="Rexroth-PiedRotul8x30-1" uid="Rexroth-PiedRotul8x30-1" entityUid="Rexroth-PiedRotul8x30*:*Défaut">
<Transform>
<Rotation>1 0 0 0 0 -1 0 1 0</Rotation>
<Translation>0 0 -0.02</Translation>
</Transform>
</Instance>
</Instance>
<Instance name="Rexroth30x30x920-1" uid="Rexroth30x30x920-1" entityUid="Rexroth30x30x920*:*Défaut">
<Transform>
<Rotation>0 0 -1 0 1 0 1 0 0</Rotation>
<Translation>0.935 0 0.11075</Translation>
</Transform>
</Instance>
<Instance name="Rexroth30x30x920-2" uid="Rexroth30x30x920-2" entityUid="Rexroth30x30x920*:*Défaut">
<Transform>
<Rotation>0 0 -1 0 1 0 1 0 0</Rotation>
<Translation>0.935 0 0.01575</Translation>
</Transform>
</Instance>
<Instance name="Rexroth30x30x920-3" uid="Rexroth30x30x920-3" entityUid="Rexroth30x30x920*:*Défaut">
<Transform>
<Rotation>0 0 -1 0 1 0 1 0 0</Rotation>
<Translation>0.935 0.32 0.11075</Translation>
</Transform>
</Instance>
<Instance name="Rexroth30x30x920-4" uid="Rexroth30x30x920-4" entityUid="Rexroth30x30x920*:*Défaut">
<Transform>
<Rotation>0 0 -1 0 1 0 1 0 0</Rotation>
<Translation>0.935 0.32 0.01575</Translation>
</Transform>
</Instance>
<Instance name="Rexroth30x30x290-1" uid="Rexroth30x30x290-1" entityUid="Rexroth30x30x290*:*Défaut">
<Transform>
<Rotation>1 0 0 0 0 -1 0 1 0</Rotation>
<Translation>0 0.305 0.11</Translation>
</Transform>
</Instance>
<Instance name="Rexroth30x30x290-2" uid="Rexroth30x30x290-2" entityUid="Rexroth30x30x290*:*Défaut">
<Transform>
<Rotation>1 0 0 0 0 -1 0 1 0</Rotation>
<Translation>0 0.305 0.015</Translation>
</Transform>
</Instance>
<Instance name="Rexroth30x30x290-3" uid="Rexroth30x30x290-3" entityUid="Rexroth30x30x290*:*Défaut">
<Transform>
<Rotation>1 0 0 0 0 -1 0 1 0</Rotation>
<Translation>0.95 0.305 0.11</Translation>
</Transform>
</Instance>
<Instance name="Rexroth30x30x290-4" uid="Rexroth30x30x290-4" entityUid="Rexroth30x30x290*:*Défaut">
<Transform>
<Rotation>1 0 0 0 0 -1 0 1 0</Rotation>
<Translation>0.95 0.305 0.015</Translation>
</Transform>
</Instance>
<Instance name="Rexroth30x30x065-1" uid="Rexroth30x30x065-1" entityUid="Rexroth30x30x065*:*Défaut">
<Transform>
<Rotation>1 0 0 0 1 0 0 0 1</Rotation>
<Translation>0.32 0 0.03075</Translation>
</Transform>
</Instance>
<Instance name="Rexroth30x30x065-2" uid="Rexroth30x30x065-2" entityUid="Rexroth30x30x065*:*Défaut">
<Transform>
<Rotation>1 0 0 0 1 0 0 0 1</Rotation>
<Translation>0.32 0.32 0.03075</Translation>
</Transform>
</Instance>
<Instance name="Rexroth30x30x065-3" uid="Rexroth30x30x065-3" entityUid="Rexroth30x30x065*:*Défaut">
<Transform>
<Rotation>1 0 0 0 1 0 0 0 1</Rotation>
<Translation>0.63 0 0.03075</Translation>
</Transform>
</Instance>
<Instance name="Rexroth30x30x065-4" uid="Rexroth30x30x065-4" entityUid="Rexroth30x30x065*:*Défaut">
<Transform>
<Rotation>1 0 0 0 1 0 0 0 1</Rotation>
<Translation>0.63 0.32 0.03075</Translation>
</Transform>
</Instance>
<Instance name="Rexroth30x30x290-5" uid="Rexroth30x30x290-5" entityUid="Rexroth30x30x290*:*Défaut">
<Transform>
<Rotation>1 0 0 0 0 -1 0 1 0</Rotation>
<Translation>0.63 0.305 0.015</Translation>
</Transform>
</Instance>
<Instance name="Rexroth30x30x290-6" uid="Rexroth30x30x290-6" entityUid="Rexroth30x30x290*:*Défaut">
<Transform>
<Rotation>1 0 0 0 0 -1 0 1 0</Rotation>
<Translation>0.63 0.305 0.11</Translation>
</Transform>
</Instance>
<Instance name="Bati_PlaqueFront-1" uid="Bati_PlaqueFront-1" entityUid="Bati_PlaqueFront*:*Défaut">
<Transform>
<Rotation>1 0 0 0 0 -1 0 1 0</Rotation>
<Translation>0.006 -0.004 0.02175</Translation>
</Transform>
</Instance>
<Instance name="Bati_PlaqueFront-2" uid="Bati_PlaqueFront-2" entityUid="Bati_PlaqueFront*:*Défaut">
<Transform>
<Rotation>1 0 0 0 0 -1 0 1 0</Rotation>
<Translation>0.006 0.316 0.02175</Translation>
</Transform>
</Instance>
<Instance name="Bati_PlaqueLat-1" uid="Bati_PlaqueLat-1" entityUid="Bati_PlaqueLat*:*Défaut">
<Transform>
<Rotation>0 0 -1 1 0 0 0 -1 0</Rotation>
<Translation>-0.004 0.006 0.104</Translation>
</Transform>
</Instance>
<Instance name="Bati_PlaqueLat-2" uid="Bati_PlaqueLat-2" entityUid="Bati_PlaqueLat*:*Défaut">
<Transform>
<Rotation>0 0 -1 1 0 0 0 -1 0</Rotation>
<Translation>0.946 0.006 0.104</Translation>
</Transform>
</Instance>
</Instance>
</Instance>
</InstanceTree>
<Constraints>
<Concentric name="Coaxiale2">
<ConstraintGeometry geomType="cylinder">
<InstancePath>
<Uid>SE_Bati-1</Uid>
<Uid>AP_Platine-2</Uid>
<Uid>Bati_Coussinet-1</Uid>
</InstancePath>
<Position>0 0.0226164 0</Position>
<Axis>0 1 0</Axis>
</ConstraintGeometry>
<ConstraintGeometry geomType="cylinder">
<InstancePath>
<Uid>SE_Safran-1</Uid>
<Uid>ArbreMeche-1</Uid>
</InstancePath>
<Position>0 0 0.17</Position>
<Axis>0 0 -1</Axis>
</ConstraintGeometry>
</Concentric>
<Coincident name="Coïncidente2">
<ConstraintGeometry geomType="plane">
<InstancePath>
<Uid>SE_Bati-1</Uid>
<Uid>AP_Platine-2</Uid>
<Uid>Bati_Coussinet-1</Uid>
</InstancePath>
<Position>0.016 0 0</Position>
<Axis>0 1 0</Axis>
</ConstraintGeometry>
<ConstraintGeometry geomType="circle">
<InstancePath>
<Uid>SE_Safran-1</Uid>
<Uid>AP_BrasMeche-1</Uid>
<Uid>BrasMeche-1</Uid>
</InstancePath>
<Position>0 0 -0.0535</Position>
<Axis>0 0 -1</Axis>
</ConstraintGeometry>
</Coincident>
<Concentric name="Coaxiale4">
<ConstraintGeometry geomType="sphere">
<InstancePath>
<Uid>SE_Bati-1</Uid>
<Uid>AP_Platine-2</Uid>
<Uid>AP_Palier monte-1</Uid>
<Uid>demicoussinet-2</Uid>
</InstancePath>
<Position>0 0 0</Position>
</ConstraintGeometry>
<ConstraintGeometry geomType="sphere">
<InstancePath>
<Uid>SE_Cylindre-1</Uid>
<Uid>Fond V2H40-1</Uid>
</InstancePath>
<Position>-0.0361 0 0</Position>
</ConstraintGeometry>
</Concentric>
<Concentric name="Coaxiale5">
<ConstraintGeometry geomType="cylinder">
<InstancePath>
<Uid>SE_Cylindre-1</Uid>
<Uid>Nez V2H40-1</Uid>
</InstancePath>
<Position>-0.021 -1.11022e-016 0</Position>
<Axis>-1 0 -2.23724e-016</Axis>
</ConstraintGeometry>
<ConstraintGeometry geomType="cylinder">
<InstancePath>
<Uid>SE_Tige piston-1</Uid>
<Uid>tige speciale-1</Uid>
</InstancePath>
<Position>-0.098 0 0</Position>
<Axis>-1 0 0</Axis>
</ConstraintGeometry>
</Concentric>
<Concentric name="Coaxiale9">
<ConstraintGeometry geomType="circle">
<InstancePath>
<Uid>SE_Safran-1</Uid>
<Uid>AP_BrasMeche-1</Uid>
<Uid>Axe-1</Uid>
</InstancePath>
<Position>0 0 0.03</Position>
<Axis>0 0 -1</Axis>
</ConstraintGeometry>
<ConstraintGeometry geomType="circle">
<InstancePath>
<Uid>SE_Tige piston-1</Uid>
<Uid>EmboutRotule-1</Uid>
</InstancePath>
<Position>0 0.00525 0</Position>
<Axis>-4.996e-016 -1 0</Axis>
</ConstraintGeometry>
</Concentric>
</Constraints>
</RootAssembly>
<Assemblies>
<Assembly name="SE_Tige piston" uid="SE_Tige piston" version="166">
<ModelUnits mass="kilogram" length="millimeter"/>
<AssemblyFile name="SE_Tige piston.SLDASM" type="SolidWorks Assembly"/>
</Assembly>
<Assembly name="SE_Safran" uid="SE_Safran" version="153">
<ModelUnits mass="kilogram" length="millimeter"/>
<AssemblyFile name="SE_Safran.SLDASM" type="SolidWorks Assembly"/>
</Assembly>
<Assembly name="AP_BrasMeche" uid="AP_BrasMeche" version="465">
<ModelUnits mass="kilogram" length="millimeter"/>
<AssemblyFile name="AP_BrasMeche.SLDASM" type="SolidWorks Assembly"/>
</Assembly>
<Assembly name="SE_Cylindre" uid="SE_Cylindre" version="257">
<ModelUnits mass="kilogram" length="millimeter"/>
<AssemblyFile name="SE_Cylindre.SLDASM" type="SolidWorks Assembly"/>
</Assembly>
<Assembly name="SE_Bati" uid="SE_Bati" version="421">
<ModelUnits mass="kilogram" length="millimeter"/>
<AssemblyFile name="SE_Bati.SLDASM" type="SolidWorks Assembly"/>
</Assembly>
<Assembly name="AP_Platine" uid="AP_Platine" version="205">
<ModelUnits mass="kilogram" length="millimeter"/>
<AssemblyFile name="AP_Platine.sldasm" type="SolidWorks Assembly"/>
</Assembly>
<Assembly name="AP_Palier monte" uid="AP_Palier monte" version="266">
<ModelUnits mass="kilogram" length="millimeter"/>
<AssemblyFile name="AP_Palier monte.SLDASM" type="SolidWorks Assembly"/>
</Assembly>
<Assembly name="AP_Poulie_Support" uid="AP_Poulie_Support" version="135">
<ModelUnits mass="kilogram" length="millimeter"/>
<AssemblyFile name="AP_Poulie_Support.sldasm" type="SolidWorks Assembly"/>
</Assembly>
<Assembly name="AP_Cadre" uid="AP_Cadre" version="139">
<ModelUnits mass="kilogram" length="millimeter"/>
<AssemblyFile name="AP_Cadre.SLDASM" type="SolidWorks Assembly"/>
</Assembly>
<Assembly name="AP_Poteau" uid="AP_Poteau" version="113">
<ModelUnits mass="kilogram" length="millimeter"/>
<AssemblyFile name="AP_Poteau.SLDASM" type="SolidWorks Assembly"/>
</Assembly>
</Assemblies>
<Parts>
<Part name="ArbreMeche" uid="ArbreMeche*:*Default" version="198">
<ModelUnits mass="kilogram" length="millimeter"/>
<PartFile name="ArbreMeche.SLDPRT" type="SolidWorks Part"/>
<MassProperties>
<Mass>0.120074</Mass>
<CenterOfMass>0 0 0.085</CenterOfMass>
<Inertia>0.000295488 0.000295488 1.34988e-005 0 0 0</Inertia>
</MassProperties>
<GeometryFile name="ArbreMeche_Default_sldprt.STL" type="STL"/>
<VisualProperties>
<Ambient r="0.752941" g="0.752941" b="0.752941" a="1"/>
<Diffuse r="0.752941" g="0.752941" b="0.752941" a="1"/>
<Specular r="0.225882" g="0.225882" b="0.225882" a="1"/>
<Emissive r="0" g="0" b="0" a="1"/>
<Shininess>0.3125</Shininess>
</VisualProperties>
</Part>
<Part name="Axe" uid="Axe*:*Default" version="293">
<ModelUnits mass="kilogram" length="millimeter"/>
<PartFile name="Axe.SLDPRT" type="SolidWorks Part"/>
<MassProperties>
<Mass>0.0121085</Mass>
<CenterOfMass>4.15462e-010 0 0.0033099</CenterOfMass>
<Inertia>3.59483e-006 3.59725e-006 4.15668e-007 0 5.39119e-014 8.15045e-014</Inertia>
</MassProperties>
<GeometryFile name="Axe_Default_sldprt.STL" type="STL"/>
<VisualProperties>
<Ambient r="0.752941" g="0.752941" b="0.752941" a="1"/>
<Diffuse r="0.752941" g="0.752941" b="0.752941" a="1"/>
<Specular r="0.225882" g="0.225882" b="0.225882" a="1"/>
<Emissive r="0" g="0" b="0" a="1"/>
<Shininess>0.3125</Shininess>
</VisualProperties>
</Part>
<Part name="Bati_CaleRF300" uid="Bati_CaleRF300*:*Défaut" version="106">
<ModelUnits mass="kilogram" length="millimeter"/>
<PartFile name="Bati_CaleRF300.SLDPRT" type="SolidWorks Part"/>
<MassProperties>
<Mass>0.0549779</Mass>
<CenterOfMass>0.142 0 0.0035</CenterOfMass>
<Inertia>3.45857e-005 3.45857e-005 6.87223e-005 0 0 0</Inertia>
</MassProperties>
<GeometryFile name="Bati_CaleRF300_Défaut_sldprt.STL" type="STL"/>
<VisualProperties>
<Ambient r="0.752941" g="0.752941" b="0.752941" a="1"/>
<Diffuse r="0.594824" g="0.594824" b="0.594824" a="1"/>
<Specular r="0.662588" g="0.662588" b="0.662588" a="1"/>
<Emissive r="0.158118" g="0.158118" b="0.158118" a="1"/>
<Shininess>0.21</Shininess>
</VisualProperties>
</Part>
<Part name="Bati_CaleSupport" uid="Bati_CaleSupport*:*Défaut" version="109">
<ModelUnits mass="kilogram" length="millimeter"/>
<PartFile name="Bati_CaleSupport.SLDPRT" type="SolidWorks Part"/>
<MassProperties>
<Mass>0.058462</Mass>
<CenterOfMass>-0.5935 0.155 0.0035</CenterOfMass>
<Inertia>5.58019e-005 3.01103e-005 8.54347e-005 0 0 0</Inertia>
</MassProperties>
<GeometryFile name="Bati_CaleSupport_Défaut_sldprt.STL" type="STL"/>
<VisualProperties>
<Ambient r="0.752941" g="0.752941" b="0.752941" a="1"/>
<Diffuse r="0.594824" g="0.594824" b="0.594824" a="1"/>
<Specular r="0.662588" g="0.662588" b="0.662588" a="1"/>
<Emissive r="0.158118" g="0.158118" b="0.158118" a="1"/>
<Shininess>0.21</Shininess>
</VisualProperties>
</Part>
<Part name="Bati_Coussinet" uid="Bati_Coussinet*:*Défaut" version="110">
<ModelUnits mass="kilogram" length="millimeter"/>
<PartFile name="Bati_Coussinet.SLDPRT" type="SolidWorks Part"/>
<MassProperties>
<Mass>0.0286581</Mass>
<CenterOfMass>0 -0.0239884 0</CenterOfMass>
<Inertia>1.08738e-005 9.1384e-006 1.08738e-005 0 0 0</Inertia>
</MassProperties>
<GeometryFile name="Bati_Coussinet_Défaut_sldprt.STL" type="STL"/>
<VisualProperties>
<Ambient r="0.752941" g="0.752941" b="0.752941" a="1"/>
<Diffuse r="0.594824" g="0.594824" b="0.594824" a="1"/>
<Specular r="0.662588" g="0.662588" b="0.662588" a="1"/>
<Emissive r="0.158118" g="0.158118" b="0.158118" a="1"/>
<Shininess>0.21</Shininess>
</VisualProperties>
</Part>
<Part name="Bati_PlaqueFront" uid="Bati_PlaqueFront*:*Défaut" version="106">
<ModelUnits mass="kilogram" length="millimeter"/>
<PartFile name="Bati_PlaqueFront.SLDPRT" type="SolidWorks Part"/>
<MassProperties>
<Mass>0.622832</Mass>
<CenterOfMass>0.469 0.0415 -0.004</CenterOfMass>
<Inertia>0.000360879 0.0456696 0.0460238 0 0 0</Inertia>
</MassProperties>
<GeometryFile name="Bati_PlaqueFront_Défaut_sldprt.STL" type="STL"/>
<VisualProperties>
<Ambient r="0.752941" g="0.752941" b="0.752941" a="1"/>
<Diffuse r="0.594824" g="0.594824" b="0.594824" a="1"/>
<Specular r="0.662588" g="0.662588" b="0.662588" a="1"/>
<Emissive r="0.158118" g="0.158118" b="0.158118" a="1"/>
<Shininess>0.21</Shininess>
</VisualProperties>
</Part>
<Part name="Bati_PlaqueLat" uid="Bati_PlaqueLat*:*Défaut" version="110">
<ModelUnits mass="kilogram" length="millimeter"/>
<PartFile name="Bati_PlaqueLat.SLDPRT" type="SolidWorks Part"/>
<MassProperties>
<Mass>0.204512</Mass>
<CenterOfMass>0.154 0.0415 -0.004</CenterOfMass>
<Inertia>0.000118498 0.00161783 0.00173414 0 0 0</Inertia>
</MassProperties>
<GeometryFile name="Bati_PlaqueLat_Défaut_sldprt.STL" type="STL"/>
<VisualProperties>
<Ambient r="0.752941" g="0.752941" b="0.752941" a="1"/>
<Diffuse r="0.594824" g="0.594824" b="0.594824" a="1"/>
<Specular r="0.662588" g="0.662588" b="0.662588" a="1"/>
<Emissive r="0.158118" g="0.158118" b="0.158118" a="1"/>
<Shininess>0.21</Shininess>
</VisualProperties>
</Part>
<Part name="Bati_Platine" uid="Bati_Platine*:*Défaut" version="126">
<ModelUnits mass="kilogram" length="millimeter"/>
<PartFile name="Bati_Platine.SLDPRT" type="SolidWorks Part"/>
<MassProperties>
<Mass>2.27432</Mass>
<CenterOfMass>-0.228789 0.0947656 -0.004</CenterOfMass>
<Inertia>0.0180044 0.164773 0.182753 0 0 0.000584129</Inertia>
</MassProperties>
<GeometryFile name="Bati_Platine_Défaut_sldprt.STL" type="STL"/>
<VisualProperties>
<Ambient r="0.752941" g="0.752941" b="0.752941" a="1"/>
<Diffuse r="0.594824" g="0.594824" b="0.594824" a="1"/>
<Specular r="0.662588" g="0.662588" b="0.662588" a="1"/>
<Emissive r="0.158118" g="0.158118" b="0.158118" a="1"/>
<Shininess>0.21</Shininess>
</VisualProperties>
</Part>
<Part name="BrasMeche" uid="BrasMeche*:*Default" version="1010">
<ModelUnits mass="kilogram" length="millimeter"/>
<PartFile name="BrasMeche.SLDPRT" type="SolidWorks Part"/>
<MassProperties>
<Mass>0.159238</Mass>
<CenterOfMass>0.0512353 2.45445e-008 -0.0167791</CenterOfMass>
<Inertia>6.57134e-005 0.000609063 0.00060866 -8.78532e-011 6.55346e-005 3.62789e-011</Inertia>
</MassProperties>
<GeometryFile name="BrasMeche_Default_sldprt.STL" type="STL"/>
<VisualProperties>
<Ambient r="0.752941" g="0.752941" b="0.752941" a="1"/>
<Diffuse r="0.752941" g="0.752941" b="0.752941" a="1"/>
<Specular r="0.225882" g="0.225882" b="0.225882" a="1"/>
<Emissive r="0" g="0" b="0" a="1"/>
<Shininess>0.3125</Shininess>
</VisualProperties>
</Part>
<Part name="Capteur_Corps" uid="Capteur_Corps*:*Default" version="239">
<ModelUnits mass="kilogram" length="millimeter"/>
<PartFile name="Capteur_Corps.SLDPRT" type="SolidWorks Part"/>
<MassProperties>
<Mass>0.186885</Mass>
<CenterOfMass>0.0234733 0.000510072 -1.63656e-010</CenterOfMass>
<Inertia>0.000140696 9.88141e-005 0.00010482 -1.16744e-012 -2.18219e-013 4.39812e-007</Inertia>
</MassProperties>
<GeometryFile name="Capteur_Corps_Default_sldprt.STL" type="STL"/>
<VisualProperties>
<Ambient r="0.752941" g="0.752941" b="0.752941" a="1"/>
<Diffuse r="0.752941" g="0.752941" b="0.752941" a="1"/>
<Specular r="0.225882" g="0.225882" b="0.225882" a="1"/>
<Emissive r="0" g="0" b="0" a="1"/>
<Shininess>0.3125</Shininess>
</VisualProperties>
</Part>
<Part name="Couvercle palier V2 H32" uid="Couvercle palier V2 H32*:*Défaut" version="261">
<ModelUnits mass="kilogram" length="millimeter"/>
<PartFile name="Couvercle palier V2 H32.SLDPRT" type="SolidWorks Part"/>
<MassProperties>
<Mass>0.0410777</Mass>
<CenterOfMass>3.92633e-010 -6.51954e-010 0.0189608</CenterOfMass>
<Inertia>9.50243e-006 2.57499e-005 2.65311e-005 3.21809e-013 7.34863e-013 -5.68914e-011</Inertia>
</MassProperties>
<GeometryFile name="Couvercle palier V2 H32_Défaut_sldprt.STL" type="STL"/>
<VisualProperties>
<Ambient r="0.537255" g="0.537255" b="0.537255" a="1"/>
<Diffuse r="0.537255" g="0.537255" b="0.537255" a="1"/>
<Specular r="0.537255" g="0.537255" b="0.537255" a="1"/>
<Emissive r="0" g="0" b="0" a="1"/>
<Shininess>0.3125</Shininess>
</VisualProperties>
</Part>
<Part name="Ecrou Hm M5" uid="Ecrou Hm M5*:*Hexagon Nut ISO - 4036 - M5 - N" version="116">
<ModelUnits mass="kilogram" length="millimeter"/>
<PartFile name="Ecrou Hm M5.SLDPRT" type="SolidWorks Part"/>
<MassProperties>
<Mass>0.000110523</Mass>
<CenterOfMass>0 0 -0.0013484</CenterOfMass>
<Inertia>6.85012e-010 6.85012e-010 1.23907e-009 0 0 0</Inertia>
</MassProperties>
<GeometryFile name="Ecrou Hm M5_Hexagon Nut ISO - 4036 - M5 - N_sldprt.STL" type="STL"/>
<VisualProperties>
<Ambient r="0.752941" g="0.752941" b="0.752941" a="1"/>
<Diffuse r="0.752941" g="0.752941" b="0.752941" a="1"/>
<Specular r="0.752941" g="0.752941" b="0.752941" a="1"/>
<Emissive r="0" g="0" b="0" a="1"/>
<Shininess>0.3125</Shininess>
</VisualProperties>
</Part>
<Part name="Ecrou Nylstop M14" uid="Ecrou Nylstop M14*:*ISO 7040-M14-N" version="124">
<ModelUnits mass="kilogram" length="millimeter"/>
<PartFile name="Ecrou Nylstop M14.SLDPRT" type="SolidWorks Part"/>
<MassProperties>
<Mass>0.0041805</Mass>
<CenterOfMass>0 3.09485e-009 -0.00414574</CenterOfMass>
<Inertia>2.53283e-007 2.53282e-007 3.27893e-007 -3.2489e-014 0 1.4171e-014</Inertia>
</MassProperties>
<GeometryFile name="Ecrou Nylstop M14_ISO 7040-M14-N_sldprt.STL" type="STL"/>
<VisualProperties>
<Ambient r="0.752941" g="0.752941" b="0.752941" a="1"/>
<Diffuse r="0.752941" g="0.752941" b="0.752941" a="1"/>
<Specular r="0.752941" g="0.752941" b="0.752941" a="1"/>
<Emissive r="0" g="0" b="0" a="1"/>
<Shininess>0.3125</Shininess>
</VisualProperties>
</Part>
<Part name="Ecrou Nylstop d10" uid="Ecrou Nylstop d10*:*ISO 7040-M10-N" version="124">
<ModelUnits mass="kilogram" length="millimeter"/>
<PartFile name="Ecrou Nylstop d10.SLDPRT" type="SolidWorks Part"/>
<MassProperties>
<Mass>0.00178543</Mass>
<CenterOfMass>0 2.31298e-009 -0.00248971</CenterOfMass>
<Inertia>5.80069e-008 5.80067e-008 7.85854e-008 -8.13726e-015 0 3.40283e-015</Inertia>
</MassProperties>
<GeometryFile name="Ecrou Nylstop d10_ISO 7040-M10-N_sldprt.STL" type="STL"/>
<VisualProperties>
<Ambient r="0.752941" g="0.752941" b="0.752941" a="1"/>
<Diffuse r="0.752941" g="0.752941" b="0.752941" a="1"/>
<Specular r="0.752941" g="0.752941" b="0.752941" a="1"/>
<Emissive r="0" g="0" b="0" a="1"/>
<Shininess>0.3125</Shininess>
</VisualProperties>
</Part>
<Part name="EmboutRotule" uid="EmboutRotule*:*Default" version="323">
<ModelUnits mass="kilogram" length="millimeter"/>
<PartFile name="EmboutRotule.SLDPRT" type="SolidWorks Part"/>
<MassProperties>
<Mass>0.0341625</Mass>
<CenterOfMass>-1.22725e-009 -2.71767e-009 0.0261126</CenterOfMass>
<Inertia>2.01051e-005 2.21484e-005 5.1645e-006 -1.72158e-012 -6.57091e-013 -3.02181e-011</Inertia>
</MassProperties>
<GeometryFile name="EmboutRotule_Default_sldprt.STL" type="STL"/>
<VisualProperties>
<Ambient r="0.752941" g="0.752941" b="0.752941" a="1"/>
<Diffuse r="0.752941" g="0.752941" b="0.752941" a="1"/>
<Specular r="0.225882" g="0.225882" b="0.225882" a="1"/>
<Emissive r="0" g="0" b="0" a="1"/>
<Shininess>0.3125</Shininess>
</VisualProperties>
</Part>
<Part name="Epingle" uid="Epingle*:*Default" version="203">
<ModelUnits mass="kilogram" length="millimeter"/>
<PartFile name="Epingle.SLDPRT" type="SolidWorks Part"/>
<MassProperties>
<Mass>0.000702686</Mass>
<CenterOfMass>0.00812702 -0.00578617 0</CenterOfMass>
<Inertia>2.60726e-008 2.19577e-007 2.451e-007 0 0 -2.87178e-008</Inertia>
</MassProperties>
<GeometryFile name="Epingle_Default_sldprt.STL" type="STL"/>
<VisualProperties>
<Ambient r="0.752941" g="0.752941" b="0.752941" a="1"/>
<Diffuse r="0.752941" g="0.752941" b="0.752941" a="1"/>
<Specular r="0.225882" g="0.225882" b="0.225882" a="1"/>
<Emissive r="0" g="0" b="0" a="1"/>
<Shininess>0.3125</Shininess>
</VisualProperties>
</Part>
<Part name="Fond V2H40" uid="Fond V2H40*:*Défaut" version="140">
<ModelUnits mass="kilogram" length="millimeter"/>
<PartFile name="Fond V2H40.SLDPRT" type="SolidWorks Part"/>
<MassProperties>
<Mass>0.114915</Mass>
<CenterOfMass>0.00260322 -1.49193e-008 5.44071e-009</CenterOfMass>
<Inertia>5.61546e-005 9.50778e-005 8.96677e-005 -1.04674e-011 5.2659e-012 -7.99551e-011</Inertia>
</MassProperties>
<GeometryFile name="Fond V2H40_Défaut_sldprt.STL" type="STL"/>
<VisualProperties>
<Ambient r="1" g="0.501961" b="0.501961" a="1"/>
<Diffuse r="1" g="0.501961" b="0.501961" a="1"/>
<Specular r="1" g="0.501961" b="0.501961" a="1"/>
<Emissive r="0" g="0" b="0" a="1"/>
<Shininess>0.31</Shininess>
</VisualProperties>
</Part>
<Part name="GoupilleFendue" uid="GoupilleFendue*:*Default" version="194">
<ModelUnits mass="kilogram" length="millimeter"/>
<PartFile name="GoupilleFendue.SLDPRT" type="SolidWorks Part"/>
<MassProperties>
<Mass>0.000623859</Mass>
<CenterOfMass>0 -0.000166771 0</CenterOfMass>
<Inertia>4.96493e-008 5.00292e-008 7.77302e-009 0 0 0</Inertia>
</MassProperties>
<GeometryFile name="GoupilleFendue_Default_sldprt.STL" type="STL"/>
<VisualProperties>
<Ambient r="0.752941" g="0.752941" b="0.752941" a="1"/>
<Diffuse r="0.752941" g="0.752941" b="0.752941" a="1"/>
<Specular r="0.225882" g="0.225882" b="0.225882" a="1"/>
<Emissive r="0" g="0" b="0" a="1"/>
<Shininess>0.3125</Shininess>
</VisualProperties>
</Part>
<Part name="Nez V2H40" uid="Nez V2H40*:*Défaut" version="157">
<ModelUnits mass="kilogram" length="millimeter"/>
<PartFile name="Nez V2H40.SLDPRT" type="SolidWorks Part"/>
<MassProperties>
<Mass>0.103992</Mass>
<CenterOfMass>-0.00088404 -0.00102123 9.40302e-005</CenterOfMass>
<Inertia>6.28517e-005 4.46935e-005 4.21369e-005 1.33811e-008 -4.02571e-008 4.27387e-007</Inertia>
</MassProperties>
<GeometryFile name="Nez V2H40_Défaut_sldprt.STL" type="STL"/>
<VisualProperties>
<Ambient r="1" g="0.501961" b="0.501961" a="1"/>
<Diffuse r="1" g="0.501961" b="0.501961" a="1"/>
<Specular r="1" g="0.501961" b="0.501961" a="1"/>
<Emissive r="0" g="0" b="0" a="1"/>
<Shininess>0.31</Shininess>
</VisualProperties>
</Part>
<Part name="Palier support VHM32 DTP" uid="Palier support VHM32 DTP*:*Défaut" version="375">
<ModelUnits mass="kilogram" length="millimeter"/>
<PartFile name="Palier support VHM32 DTP.SLDPRT" type="SolidWorks Part"/>
<MassProperties>
<Mass>0.177813</Mass>
<CenterOfMass>-1.03578e-005 3.01124e-006 0.0165501</CenterOfMass>
<Inertia>0.000100309 0.000186767 0.000235647 -8.054e-009 2.77509e-008 1.80206e-008</Inertia>
</MassProperties>
<GeometryFile name="Palier support VHM32 DTP_Défaut_sldprt.STL" type="STL"/>
<VisualProperties>
<Ambient r="0.537255" g="0.537255" b="0.537255" a="1"/>
<Diffuse r="0.537255" g="0.537255" b="0.537255" a="1"/>
<Specular r="0.537255" g="0.537255" b="0.537255" a="1"/>
<Emissive r="0" g="0" b="0" a="1"/>
<Shininess>0.3125</Shininess>
</VisualProperties>
</Part>
<Part name="Piston VHM40DTP" uid="Piston VHM40DTP*:*Défaut" version="128">
<ModelUnits mass="kilogram" length="millimeter"/>
<PartFile name="Piston VHM40DTP.SLDPRT" type="SolidWorks Part"/>
<MassProperties>
<Mass>0.0196073</Mass>
<CenterOfMass>-0.0120833 -3.58733e-011 8.8251e-010</CenterOfMass>
<Inertia>4.66836e-006 3.23617e-006 3.45478e-006 -3.32014e-012 -1.07385e-014 2.77048e-014</Inertia>
</MassProperties>
<GeometryFile name="Piston VHM40DTP_Défaut_sldprt.STL" type="STL"/>
<VisualProperties>
<Ambient r="0.854902" g="0.988235" b="0.996078" a="1"/>
<Diffuse r="0.854902" g="0.988235" b="0.996078" a="1"/>
<Specular r="0.854902" g="0.988235" b="0.996078" a="1"/>
<Emissive r="0" g="0" b="0" a="1"/>
<Shininess>0.3125</Shininess>
</VisualProperties>
</Part>
<Part name="Poulie_Axe" uid="Poulie_Axe*:*Défaut" version="106">
<ModelUnits mass="kilogram" length="millimeter"/>
<PartFile name="Poulie_Axe.SLDPRT" type="SolidWorks Part"/>
<MassProperties>
<Mass>0.00130051</Mass>
<CenterOfMass>0.00669335 0 0</CenterOfMass>
<Inertia>1.29597e-008 1.31085e-007 1.31085e-007 0 0 0</Inertia>
</MassProperties>
<GeometryFile name="Poulie_Axe_Défaut_sldprt.STL" type="STL"/>
<VisualProperties>
<Ambient r="0.752941" g="0.752941" b="0.752941" a="1"/>
<Diffuse r="0.594824" g="0.594824" b="0.594824" a="1"/>
<Specular r="0.662588" g="0.662588" b="0.662588" a="1"/>
<Emissive r="0.158118" g="0.158118" b="0.158118" a="1"/>
<Shininess>0.21</Shininess>
</VisualProperties>
</Part>
<Part name="Poulie_Support" uid="Poulie_Support*:*Défaut" version="168">
<ModelUnits mass="kilogram" length="millimeter"/>
<PartFile name="Poulie_Support.SLDPRT" type="SolidWorks Part"/>
<MassProperties>
<Mass>0.143136</Mass>
<CenterOfMass>-0.0124849 -0.0814753 0</CenterOfMass>
<Inertia>0.000340445 2.90092e-005 0.000359014 0 0 1.00347e-005</Inertia>
</MassProperties>
<GeometryFile name="Poulie_Support_Défaut_sldprt.STL" type="STL"/>
<VisualProperties>
<Ambient r="0.752941" g="0.752941" b="0.752941" a="1"/>
<Diffuse r="0.594824" g="0.594824" b="0.594824" a="1"/>
<Specular r="0.662588" g="0.662588" b="0.662588" a="1"/>
<Emissive r="0.158118" g="0.158118" b="0.158118" a="1"/>
<Shininess>0.21</Shininess>
</VisualProperties>
</Part>
<Part name="Rexroth-30x30_Chapeau" uid="Rexroth-30x30_Chapeau*:*Défaut" version="121">
<ModelUnits mass="kilogram" length="millimeter"/>
<PartFile name="Rexroth-30x30_Chapeau.SLDPRT" type="SolidWorks Part"/>
<MassProperties>
<Mass>0.00256422</Mass>
<CenterOfMass>-4.70448e-009 1.217e-009 0.00145253</CenterOfMass>
<Inertia>1.84648e-007 1.84648e-007 3.65563e-007 -5.08116e-016 -2.65176e-014 1.01347e-015</Inertia>
</MassProperties>
<GeometryFile name="Rexroth-30x30_Chapeau_Défaut_sldprt.STL" type="STL"/>
<VisualProperties>
<Ambient r="0.752941" g="0.752941" b="0.752941" a="1"/>
<Diffuse r="0.594824" g="0.594824" b="0.594824" a="1"/>
<Specular r="0.662588" g="0.662588" b="0.662588" a="1"/>
<Emissive r="0.158118" g="0.158118" b="0.158118" a="1"/>
<Shininess>0.21</Shininess>
</VisualProperties>
</Part>
<Part name="Rexroth-PiedRotul8x30" uid="Rexroth-PiedRotul8x30*:*Défaut" version="149">
<ModelUnits mass="kilogram" length="millimeter"/>
<PartFile name="Rexroth-PiedRotul8x30.SLDPRT" type="SolidWorks Part"/>
<MassProperties>
<Mass>0.00799879</Mass>
<CenterOfMass>-2.19745e-009 0.0188 -2.81046e-009</CenterOfMass>
<Inertia>3.11835e-006 5.01469e-007 3.11835e-006 2.79123e-013 -3.05459e-014 1.27646e-013</Inertia>
</MassProperties>
<GeometryFile name="Rexroth-PiedRotul8x30_Défaut_sldprt.STL" type="STL"/>
<VisualProperties>
<Ambient r="0.752941" g="0.752941" b="0.752941" a="1"/>
<Diffuse r="0.594824" g="0.594824" b="0.594824" a="1"/>
<Specular r="0.662588" g="0.662588" b="0.662588" a="1"/>
<Emissive r="0.158118" g="0.158118" b="0.158118" a="1"/>
<Shininess>0.21</Shininess>
</VisualProperties>
</Part>
<Part name="Rexroth30x30x065" uid="Rexroth30x30x065*:*Défaut" version="113">
<ModelUnits mass="kilogram" length="millimeter"/>
<PartFile name="Rexroth30x30x065.SLDPRT" type="SolidWorks Part"/>
<MassProperties>
<Mass>0.0582175</Mass>
<CenterOfMass>0 0 0.0325</CenterOfMass>
<Inertia>2.48255e-005 2.48255e-005 8.65616e-006 0 0 0</Inertia>
</MassProperties>
<GeometryFile name="Rexroth30x30x065_Défaut_sldprt.STL" type="STL"/>
<VisualProperties>
<Ambient r="0.752941" g="0.752941" b="0.752941" a="1"/>
<Diffuse r="0.594824" g="0.594824" b="0.594824" a="1"/>
<Specular r="0.662588" g="0.662588" b="0.662588" a="1"/>
<Emissive r="0.158118" g="0.158118" b="0.158118" a="1"/>
<Shininess>0.21</Shininess>
</VisualProperties>
</Part>
<Part name="Rexroth30x30x125" uid="Rexroth30x30x125*:*Défaut" version="120">
<ModelUnits mass="kilogram" length="millimeter"/>
<PartFile name="Rexroth30x30x125.SLDPRT" type="SolidWorks Part"/>
<MassProperties>
<Mass>0.111957</Mass>
<CenterOfMass>0 0 0.0625</CenterOfMass>
<Inertia>0.0001541 0.0001541 1.66465e-005 0 0 0</Inertia>
</MassProperties>
<GeometryFile name="Rexroth30x30x125_Défaut_sldprt.STL" type="STL"/>
<VisualProperties>
<Ambient r="0.752941" g="0.752941" b="0.752941" a="1"/>
<Diffuse r="0.594824" g="0.594824" b="0.594824" a="1"/>
<Specular r="0.662588" g="0.662588" b="0.662588" a="1"/>
<Emissive r="0.158118" g="0.158118" b="0.158118" a="1"/>
<Shininess>0.21</Shininess>
</VisualProperties>
</Part>
<Part name="Rexroth30x30x290" uid="Rexroth30x30x290*:*Défaut" version="129">
<ModelUnits mass="kilogram" length="millimeter"/>
<PartFile name="Rexroth30x30x290.SLDPRT" type="SolidWorks Part"/>
<MassProperties>
<Mass>0.25974</Mass>
<CenterOfMass>0 0 0.145</CenterOfMass>
<Inertia>0.00183965 0.00183965 3.86198e-005 0 0 0</Inertia>
</MassProperties>
<GeometryFile name="Rexroth30x30x290_Défaut_sldprt.STL" type="STL"/>
<VisualProperties>
<Ambient r="0.752941" g="0.752941" b="0.752941" a="1"/>
<Diffuse r="0.594824" g="0.594824" b="0.594824" a="1"/>
<Specular r="0.662588" g="0.662588" b="0.662588" a="1"/>
<Emissive r="0.158118" g="0.158118" b="0.158118" a="1"/>
<Shininess>0.21</Shininess>
</VisualProperties>
</Part>
<Part name="Rexroth30x30x920" uid="Rexroth30x30x920*:*Défaut" version="118">
<ModelUnits mass="kilogram" length="millimeter"/>
<PartFile name="Rexroth30x30x920.SLDPRT" type="SolidWorks Part"/>
<MassProperties>
<Mass>0.824002</Mass>
<CenterOfMass>0 0 0.46</CenterOfMass>
<Inertia>0.0581809 0.0581809 0.000122518 0 0 0</Inertia>
</MassProperties>
<GeometryFile name="Rexroth30x30x920_Défaut_sldprt.STL" type="STL"/>
<VisualProperties>
<Ambient r="0.752941" g="0.752941" b="0.752941" a="1"/>
<Diffuse r="0.594824" g="0.594824" b="0.594824" a="1"/>
<Specular r="0.662588" g="0.662588" b="0.662588" a="1"/>
<Emissive r="0.158118" g="0.158118" b="0.158118" a="1"/>
<Shininess>0.21</Shininess>
</VisualProperties>
</Part>
<Part name="Rondelle Grower d14" uid="Rondelle Grower d14*:*Default" version="203">
<ModelUnits mass="kilogram" length="millimeter"/>
<PartFile name="Rondelle Grower d14.SLDPRT" type="SolidWorks Part"/>
<MassProperties>
<Mass>0.000752766</Mass>
<CenterOfMass>-2.54741e-006 -0.000133992 0.00150011</CenterOfMass>
<Inertia>3.43141e-008 3.52778e-008 6.84808e-008 8.11599e-013 -3.22576e-012 -1.79973e-011</Inertia>
</MassProperties>
<GeometryFile name="Rondelle Grower d14_Default_sldprt.STL" type="STL"/>
<VisualProperties>
<Ambient r="0.752941" g="0.752941" b="0.752941" a="1"/>
<Diffuse r="0.752941" g="0.752941" b="0.752941" a="1"/>
<Specular r="0.225882" g="0.225882" b="0.225882" a="1"/>
<Emissive r="0" g="0" b="0" a="1"/>
<Shininess>0.3125</Shininess>
</VisualProperties>
</Part>
<Part name="Rondelle M6" uid="Rondelle M6*:*Défaut" version="114">
<ModelUnits mass="kilogram" length="millimeter"/>
<PartFile name="Rondelle M6.SLDPRT" type="SolidWorks Part"/>
<MassProperties>
<Mass>0.000139539</Mass>
<CenterOfMass>0 0 0.000583372</CenterOfMass>
<Inertia>2.0486e-009 2.0486e-009 4.06465e-009 0 0 0</Inertia>
</MassProperties>
<GeometryFile name="Rondelle M6_Défaut_sldprt.STL" type="STL"/>
<VisualProperties>
<Ambient r="0.776471" g="0.917647" b="0.956863" a="1"/>
<Diffuse r="0.776471" g="0.917647" b="0.956863" a="1"/>
<Specular r="0.776471" g="0.917647" b="0.956863" a="1"/>
<Emissive r="0" g="0" b="0" a="1"/>
<Shininess>0.3125</Shininess>
</VisualProperties>
</Part>
<Part name="Rondelle plate d10x2" uid="Rondelle plate d10x2*:*Washer ISO 7091 - 10" version="106">
<ModelUnits mass="kilogram" length="millimeter"/>
<PartFile name="Rondelle plate d10x2.sldprt" type="SolidWorks Part"/>
<MassProperties>
<Mass>0.000438252</Mass>
<CenterOfMass>-0.001 0 0</CenterOfMass>
<Inertia>2.85412e-008 1.44167e-008 1.44167e-008 0 0 0</Inertia>
</MassProperties>
<GeometryFile name="Rondelle plate d10x2_Washer ISO 7091 - 10_sldprt.STL" type="STL"/>
<VisualProperties>
<Ambient r="0.752941" g="0.752941" b="0.752941" a="1"/>
<Diffuse r="0.752941" g="0.752941" b="0.752941" a="1"/>
<Specular r="0.752941" g="0.752941" b="0.752941" a="1"/>
<Emissive r="0" g="0" b="0" a="1"/>
<Shininess>0.3125</Shininess>
</VisualProperties>
</Part>
<Part name="RotuleClipBoule" uid="RotuleClipBoule*:*Default" version="217">
<ModelUnits mass="kilogram" length="millimeter"/>
<PartFile name="RotuleClipBoule.SLDPRT" type="SolidWorks Part"/>
<MassProperties>
<Mass>0.000686078</Mass>
<CenterOfMass>-5.54239e-010 2.73454e-009 -0.00194195</CenterOfMass>
<Inertia>3.34262e-008 3.34262e-008 3.81819e-009 -1.3966e-015 0 -9.79507e-016</Inertia>
</MassProperties>
<GeometryFile name="RotuleClipBoule_Default_sldprt.STL" type="STL"/>
<VisualProperties>
<Ambient r="0.752941" g="0.752941" b="0.752941" a="1"/>
<Diffuse r="0.752941" g="0.752941" b="0.752941" a="1"/>
<Specular r="0.225882" g="0.225882" b="0.225882" a="1"/>
<Emissive r="0" g="0" b="0" a="1"/>
<Shininess>0.3125</Shininess>
</VisualProperties>
</Part>
<Part name="Tirant" uid="Tirant*:*Défaut" version="131">
<ModelUnits mass="kilogram" length="millimeter"/>
<PartFile name="Tirant.SLDPRT" type="SolidWorks Part"/>
<MassProperties>
<Mass>0.00945515</Mass>
<CenterOfMass>0 0 0.1675</CenterOfMass>
<Inertia>8.81351e-005 8.81351e-005 4.25017e-008 0 0 0</Inertia>
</MassProperties>
<GeometryFile name="Tirant_Défaut_sldprt.STL" type="STL"/>
<VisualProperties>
<Ambient r="1" g="0.501961" b="0.501961" a="1"/>
<Diffuse r="1" g="0.501961" b="0.501961" a="1"/>
<Specular r="1" g="0.501961" b="0.501961" a="1"/>
<Emissive r="0" g="0" b="0" a="1"/>
<Shininess>0.31</Shininess>
</VisualProperties>
</Part>
<Part name="Tube V2H40" uid="Tube V2H40*:*Défaut" version="122">
<ModelUnits mass="kilogram" length="millimeter"/>
<PartFile name="Tube V2H40.SLDPRT" type="SolidWorks Part"/>
<MassProperties>
<Mass>0.157445</Mass>
<CenterOfMass>0.0505017 0 0</CenterOfMass>
<Inertia>7.68427e-005 0.00110228 0.00110228 0 0 0</Inertia>
</MassProperties>
<GeometryFile name="Tube V2H40_Défaut_sldprt.STL" type="STL"/>
<VisualProperties>
<Ambient r="0.854902" g="0.988235" b="0.972549" a="1"/>
<Diffuse r="0.854902" g="0.988235" b="0.972549" a="1"/>
<Specular r="0.854902" g="0.988235" b="0.972549" a="1"/>
<Emissive r="0" g="0" b="0" a="1"/>
<Shininess>0.3125</Shininess>
</VisualProperties>
</Part>
<Part name="Vis CHC M10x70" uid="Vis CHC M10x70*:*ISO 4762 M10 x 60 --- 60N" version="138">
<ModelUnits mass="kilogram" length="millimeter"/>
<PartFile name="Vis CHC M10x70.SLDPRT" type="SolidWorks Part"/>
<MassProperties>
<Mass>0.00715054</Mass>
<CenterOfMass>0.0357605 0 0</CenterOfMass>
<Inertia>1.28683e-007 4.29689e-006 4.29689e-006 0 0 0</Inertia>
</MassProperties>
<GeometryFile name="Vis CHC M10x70_ISO 4762 M10 x 60 --- 60N_sldprt.STL" type="STL"/>
<VisualProperties>
<Ambient r="0.752941" g="0.752941" b="0.752941" a="1"/>
<Diffuse r="0.752941" g="0.752941" b="0.752941" a="1"/>
<Specular r="0.752941" g="0.752941" b="0.752941" a="1"/>
<Emissive r="0" g="0" b="0" a="1"/>
<Shininess>0.3125</Shininess>
</VisualProperties>
</Part>
<Part name="Vis H M10x60" uid="Vis H M10x60*:*ISO 4017 - M10 x 60-N" version="115">
<ModelUnits mass="kilogram" length="millimeter"/>
<PartFile name="Vis H M10x60.SLDPRT" type="SolidWorks Part"/>
<MassProperties>
<Mass>0.00610538</Mass>
<CenterOfMass>0.0287172 6.46947e-009 0</CenterOfMass>
<Inertia>1.07957e-007 2.65092e-006 2.65092e-006 -5.9525e-015 0 -8.99947e-013</Inertia>
</MassProperties>
<GeometryFile name="Vis H M10x60_ISO 4017 - M10 x 60-N_sldprt.STL" type="STL"/>
<VisualProperties>
<Ambient r="0.752941" g="0.752941" b="0.752941" a="1"/>
<Diffuse r="0.752941" g="0.752941" b="0.752941" a="1"/>
<Specular r="0.225882" g="0.225882" b="0.225882" a="1"/>
<Emissive r="0" g="0" b="0" a="1"/>
<Shininess>0.3125</Shininess>
</VisualProperties>
</Part>
<Part name="Vis Pression M10" uid="Vis Pression M10*:*ISO 4029 - M10 x 16-N" version="111">
<ModelUnits mass="kilogram" length="millimeter"/>
<PartFile name="Vis Pression M10.SLDPRT" type="SolidWorks Part"/>
<MassProperties>
<Mass>0.00105008</Mass>
<CenterOfMass>0.0081658 0 0</CenterOfMass>
<Inertia>1.4023e-008 2.59356e-008 2.59356e-008 0 0 0</Inertia>
</MassProperties>
<GeometryFile name="Vis Pression M10_ISO 4029 - M10 x 16-N_sldprt.STL" type="STL"/>
<VisualProperties>
<Ambient r="0.752941" g="0.752941" b="0.752941" a="1"/>
<Diffuse r="0.752941" g="0.752941" b="0.752941" a="1"/>
<Specular r="0.752941" g="0.752941" b="0.752941" a="1"/>
<Emissive r="0" g="0" b="0" a="1"/>
<Shininess>0.3125</Shininess>
</VisualProperties>
</Part>
<Part name="axe de piston" uid="axe de piston*:*Défaut" version="114">
<ModelUnits mass="kilogram" length="millimeter"/>
<PartFile name="axe de piston.SLDPRT" type="SolidWorks Part"/>
<MassProperties>
<Mass>0.00173625</Mass>
<CenterOfMass>0 0 0.0175</CenterOfMass>
<Inertia>1.7969e-007 1.7969e-007 1.37608e-008 0 0 0</Inertia>
</MassProperties>
<GeometryFile name="axe de piston_Défaut_sldprt.STL" type="STL"/>
<VisualProperties>
<Ambient r="0.776471" g="0.917647" b="0.956863" a="1"/>
<Diffuse r="0.776471" g="0.917647" b="0.956863" a="1"/>
<Specular r="0.776471" g="0.917647" b="0.956863" a="1"/>
<Emissive r="0" g="0" b="0" a="1"/>
<Shininess>0.3125</Shininess>
</VisualProperties>
</Part>
<Part name="demicoussinet" uid="demicoussinet*:*Défaut" version="124">
<ModelUnits mass="kilogram" length="millimeter"/>
<PartFile name="demicoussinet.SLDPRT" type="SolidWorks Part"/>
<MassProperties>
<Mass>0.00911542</Mass>
<CenterOfMass>-7.04819e-011 0.0140738 8.95628e-011</CenterOfMass>
<Inertia>3.05884e-006 3.11282e-006 9.41692e-007 4.29441e-015 1.04083e-012 -3.53518e-015</Inertia>
</MassProperties>
<GeometryFile name="demicoussinet_Défaut_sldprt.STL" type="STL"/>
<VisualProperties>
<Ambient r="0.721569" g="0.721569" b="0.0705882" a="1"/>
<Diffuse r="0.721569" g="0.721569" b="0.0705882" a="1"/>
<Specular r="0.721569" g="0.721569" b="0.0705882" a="1"/>
<Emissive r="0" g="0" b="0" a="1"/>
<Shininess>0.3125</Shininess>
</VisualProperties>
</Part>
<Part name="ecrouM6" uid="ecrouM6*:*M8-1.25" version="442">
<ModelUnits mass="kilogram" length="millimeter"/>
<PartFile name="ecrouM6.sldprt" type="SolidWorks Part"/>
<MassProperties>
<Mass>0.000301015</Mass>
<CenterOfMass>6.22672e-014 0 0.0026</CenterOfMass>
<Inertia>3.43238e-009 3.43188e-009 5.52601e-009 0 0 0</Inertia>
</MassProperties>
<GeometryFile name="ecrouM6_M8-1.25_sldprt.STL" type="STL"/>
<VisualProperties>
<Ambient r="0.776471" g="0.917647" b="0.956863" a="1"/>
<Diffuse r="0.776471" g="0.917647" b="0.956863" a="1"/>
<Specular r="0.776471" g="0.917647" b="0.956863" a="1"/>
<Emissive r="0" g="0" b="0" a="1"/>
<Shininess>0.3125</Shininess>
</VisualProperties>
</Part>
<Part name="ring_3am1-6" uid="ring_3am1-6*:*Default" version="416">
<ModelUnits mass="kilogram" length="millimeter"/>
<PartFile name="ring_3am1-6.sldprt" type="SolidWorks Part"/>
<MassProperties>
<Mass>5.49056e-006</Mass>
<CenterOfMass>0 -9.31864e-005 0</CenterOfMass>
<Inertia>3.28758e-011 2.59014e-011 5.86308e-011 0 0 0</Inertia>
</MassProperties>
<GeometryFile name="ring_3am1-6_Default_sldprt.STL" type="STL"/>
<VisualProperties>
<Ambient r="0.752941" g="0.752941" b="0.752941" a="1"/>
<Diffuse r="0.752941" g="0.752941" b="0.752941" a="1"/>
<Specular r="0.225882" g="0.225882" b="0.225882" a="1"/>
<Emissive r="0" g="0" b="0" a="1"/>
<Shininess>0.3125</Shininess>
</VisualProperties>
</Part>
<Part name="tige speciale" uid="tige speciale*:*Défaut" version="188">
<ModelUnits mass="kilogram" length="millimeter"/>
<PartFile name="tige speciale.SLDPRT" type="SolidWorks Part"/>
<MassProperties>
<Mass>0.212382</Mass>
<CenterOfMass>0.198199 -4.74198e-009 -1.83197e-009</CenterOfMass>
<Inertia>1.0575e-005 0.00822178 0.00822182 5.46254e-011 -1.08984e-010 -2.81046e-010</Inertia>
</MassProperties>
<GeometryFile name="tige speciale_Défaut_sldprt.STL" type="STL"/>
<VisualProperties>
<Ambient r="0.611765" g="0.886275" b="0.894118" a="1"/>
<Diffuse r="0.611765" g="0.886275" b="0.894118" a="1"/>
<Specular r="0.611765" g="0.886275" b="0.894118" a="1"/>
<Emissive r="0" g="0" b="0" a="1"/>
<Shininess>0.3125</Shininess>
</VisualProperties>
</Part>
<Part name="vis H-M8-40" uid="vis H-M8-40*:*M12-1.75 x 45" version="623">
<ModelUnits mass="kilogram" length="millimeter"/>
<PartFile name="vis H-M8-40.sldprt" type="SolidWorks Part"/>
<MassProperties>
<Mass>0.00262221</Mass>
<CenterOfMass>0 0 -0.0144925</CenterOfMass>
<Inertia>5.1744e-007 5.17439e-007 3.16408e-008 0 0 -5.03398e-014</Inertia>
</MassProperties>
<GeometryFile name="vis H-M8-40_M12-1.75 x 45_sldprt.STL" type="STL"/>
<VisualProperties>
<Ambient r="0.776471" g="0.917647" b="0.956863" a="1"/>
<Diffuse r="0.776471" g="0.917647" b="0.956863" a="1"/>
<Specular r="0.776471" g="0.917647" b="0.956863" a="1"/>
<Emissive r="0" g="0" b="0" a="1"/>
<Shininess>0.3125</Shininess>
</VisualProperties>
</Part>
</Parts>
</SimMechanicsImportXML>
